{
    "0.035": [
        [
            0.022609221016857757, 
            683.0
        ], 
        [
            0.01680637972366437, 
            660.0
        ], 
        [
            0.020564498840765753, 
            714.0
        ], 
        [
            0.03195654713960189, 
            649.0
        ], 
        [
            0.015150147274643882, 
            700.0
        ], 
        [
            0.03278545137798749, 
            709.0
        ], 
        [
            0.02081940853423167, 
            678.0
        ], 
        [
            0.024661784131338144, 
            687.0
        ], 
        [
            0.01870417596618453, 
            684.0
        ], 
        [
            0.023029444786278518, 
            688.0
        ]
    ], 
    "0.045": [
        [
            0.03799504570683994, 
            30671.0
        ], 
        [
            0.038464711376109205, 
            30875.0
        ], 
        [
            0.03619299609324844, 
            30981.0
        ], 
        [
            0.04048822927239519, 
            30934.0
        ], 
        [
            0.03879211636271659, 
            30718.0
        ], 
        [
            0.0387623006607384, 
            31120.0
        ], 
        [
            0.03771805856520543, 
            31123.0
        ], 
        [
            0.03832014856421356, 
            30732.0
        ], 
        [
            0.03887681148102908, 
            30958.0
        ], 
        [
            0.03896762102799751, 
            31021.0
        ]
    ], 
    "0.05500000000000001": [
        [
            0.06057881741290996, 
            203676.0
        ], 
        [
            0.06057203044047547, 
            204402.0
        ], 
        [
            0.06168632471861236, 
            204251.0
        ], 
        [
            0.06118485839777787, 
            203717.0
        ], 
        [
            0.0615692246822915, 
            204170.0
        ], 
        [
            0.06071543525121958, 
            203947.0
        ], 
        [
            0.06066755664008571, 
            203856.0
        ], 
        [
            0.06023781025722899, 
            204917.0
        ], 
        [
            0.060675699698216075, 
            204415.0
        ], 
        [
            0.061393971910881875, 
            204240.0
        ]
    ], 
    "0.065": [
        [
            0.10400309021680423, 
            177823.0
        ], 
        [
            0.10443117305226311, 
            177792.0
        ], 
        [
            0.1042774771101312, 
            177634.0
        ], 
        [
            0.10476673526505036, 
            178001.0
        ], 
        [
            0.10393048313735322, 
            177814.0
        ], 
        [
            0.10470334290541926, 
            177911.0
        ], 
        [
            0.10403149335530838, 
            178554.0
        ], 
        [
            0.10508845712055044, 
            178717.0
        ], 
        [
            0.104800843893102, 
            177775.0
        ], 
        [
            0.1044496077225709, 
            178803.0
        ]
    ], 
    "0.07500000000000001": [
        [
            0.13916087860430168, 
            136423.0
        ], 
        [
            0.1383567054522159, 
            136626.0
        ], 
        [
            0.1391520581480156, 
            136029.0
        ], 
        [
            0.138073777370503, 
            136857.0
        ], 
        [
            0.13765864216581936, 
            136205.0
        ], 
        [
            0.1389248133187905, 
            136125.0
        ], 
        [
            0.13874810000798748, 
            136312.0
        ], 
        [
            0.13899264175443735, 
            135915.0
        ], 
        [
            0.13851362401402945, 
            136087.0
        ], 
        [
            0.13835410437008408, 
            136099.0
        ]
    ], 
    "0.08499999999999999": [
        [
            0.16959514312850107, 
            142009.0
        ], 
        [
            0.17017620219280583, 
            142948.0
        ], 
        [
            0.1702553088524162, 
            141580.0
        ], 
        [
            0.168669964217131, 
            142475.0
        ], 
        [
            0.16919791802526885, 
            141845.0
        ], 
        [
            0.17017506756959122, 
            142597.0
        ], 
        [
            0.16999049710071734, 
            142563.0
        ], 
        [
            0.17019140332602406, 
            142579.0
        ], 
        [
            0.1694001612025844, 
            141435.0
        ], 
        [
            0.16986100192032663, 
            143129.0
        ]
    ], 
    "0.095": [
        [
            0.17711039293312156, 
            5441.0
        ], 
        [
            0.17489140354296276, 
            5520.0
        ], 
        [
            0.17752977563227218, 
            5513.0
        ], 
        [
            0.17641314866398408, 
            5537.0
        ], 
        [
            0.1768806631854618, 
            5513.0
        ], 
        [
            0.17413823091131603, 
            5459.0
        ], 
        [
            0.17815907655959937, 
            5461.0
        ], 
        [
            0.17504082903372167, 
            5628.0
        ], 
        [
            0.17016507823119179, 
            5509.0
        ], 
        [
            0.17734626300735523, 
            5534.0
        ]
    ], 
    "0.10499999999999998": [
        [
            0.68235, 
            1.0
        ], 
        [
            0.6524999999999999, 
            1.0
        ], 
        [
            0.0, 
            0.0
        ], 
        [
            0.0, 
            0.0
        ], 
        [
            0.5867500000000004, 
            1.0
        ], 
        [
            0.0, 
            0.0
        ], 
        [
            0.0, 
            0.0
        ], 
        [
            0.0, 
            0.0
        ], 
        [
            0.553, 
            1.0
        ], 
        [
            0.6190000000000001, 
            1.0
        ]
    ]
}