{
    "0.07500000000000001": [
        [
            0.0, 
            0.0
        ], 
        [
            0.0, 
            0.0
        ], 
        [
            0.0, 
            0.0
        ], 
        [
            0.0, 
            0.0
        ], 
        [
            -0.4738249999999998, 
            2.0
        ], 
        [
            0.0, 
            0.0
        ], 
        [
            0.0, 
            0.0
        ], 
        [
            -0.48184999999999983, 
            1.0
        ], 
        [
            0.0, 
            0.0
        ], 
        [
            0.0, 
            0.0
        ]
    ], 
    "0.08499999999999999": [
        [
            0.14623225248409016, 
            3643.0
        ], 
        [
            0.15022192625367367, 
            3628.0
        ], 
        [
            0.1508114785961503, 
            3579.0
        ], 
        [
            0.14837187688253994, 
            3558.0
        ], 
        [
            0.15174493551559357, 
            3561.0
        ], 
        [
            0.14801448238571105, 
            3584.0
        ], 
        [
            0.1491331785033452, 
            3546.0
        ], 
        [
            0.14319272133325442, 
            3537.0
        ], 
        [
            0.15071545414744578, 
            3572.0
        ], 
        [
            0.14461346469034933, 
            3477.0
        ]
    ], 
    "0.095": [
        [
            0.22599657124275502, 
            98583.0
        ], 
        [
            0.22583276036722916, 
            98518.0
        ], 
        [
            0.22469928176909623, 
            98300.0
        ], 
        [
            0.22446515266821696, 
            98942.0
        ], 
        [
            0.22597875871124062, 
            98862.0
        ], 
        [
            0.22588775765191524, 
            98618.0
        ], 
        [
            0.22640964608457273, 
            98617.0
        ], 
        [
            0.2260545033381878, 
            98597.0
        ], 
        [
            0.22537308206927525, 
            98259.0
        ], 
        [
            0.22489424545014686, 
            98672.0
        ]
    ], 
    "0.10499999999999998": [
        [
            0.3044503641950914, 
            213351.0
        ], 
        [
            0.30462760881481193, 
            212796.0
        ], 
        [
            0.3044817780506718, 
            214291.0
        ], 
        [
            0.3060002502209342, 
            212647.0
        ], 
        [
            0.3057600423131492, 
            212618.0
        ], 
        [
            0.30531209625531813, 
            212728.0
        ], 
        [
            0.30632107177752443, 
            212224.0
        ], 
        [
            0.305597293424145, 
            213156.0
        ], 
        [
            0.3063186847471838, 
            213112.0
        ], 
        [
            0.30523916890714337, 
            212856.0
        ]
    ], 
    "0.11499999999999999": [
        [
            0.35628772113825513, 
            99659.0
        ], 
        [
            0.3559631007090607, 
            100305.0
        ], 
        [
            0.3576294346222279, 
            100516.0
        ], 
        [
            0.3551738831974689, 
            100238.0
        ], 
        [
            0.3562776965406264, 
            100429.0
        ], 
        [
            0.3560201164249255, 
            99553.0
        ], 
        [
            0.3548702445882109, 
            99894.0
        ], 
        [
            0.35670142932596477, 
            100197.0
        ], 
        [
            0.35671389412773075, 
            100417.0
        ], 
        [
            0.35710935587285036, 
            99718.0
        ]
    ], 
    "0.12499999999999997": [
        [
            0.5063395716828228, 
            57866.0
        ], 
        [
            0.5085598921201475, 
            57702.0
        ], 
        [
            0.5078757575542762, 
            57682.0
        ], 
        [
            0.5081792821136781, 
            57982.0
        ], 
        [
            0.5069790570746365, 
            57880.0
        ], 
        [
            0.5074239041479328, 
            57575.0
        ], 
        [
            0.5059583797579372, 
            57992.0
        ], 
        [
            0.5061566161911387, 
            58109.0
        ], 
        [
            0.5091176117244451, 
            57927.0
        ], 
        [
            0.5074320943511667, 
            57851.0
        ]
    ], 
    "0.13499999999999998": [
        [
            0.6121379838670411, 
            105251.0
        ], 
        [
            0.6141166057815368, 
            105148.0
        ], 
        [
            0.6127804452691704, 
            105106.0
        ], 
        [
            0.6135377600937368, 
            105332.0
        ], 
        [
            0.6129017423785489, 
            105396.0
        ], 
        [
            0.6114696542815132, 
            105227.0
        ], 
        [
            0.6113506097826663, 
            105018.0
        ], 
        [
            0.6109876707295846, 
            104482.0
        ], 
        [
            0.6123956154974404, 
            104789.0
        ], 
        [
            0.6128523636199357, 
            105136.0
        ]
    ], 
    "0.145": [
        [
            0.8178011735005092, 
            76228.0
        ], 
        [
            0.8149825266811518, 
            76099.0
        ], 
        [
            0.8214487820704398, 
            76327.0
        ], 
        [
            0.8199315266262223, 
            76648.0
        ], 
        [
            0.8178590865270816, 
            75791.0
        ], 
        [
            0.8176105528813392, 
            76429.0
        ], 
        [
            0.8197200106673043, 
            75544.0
        ], 
        [
            0.8202523500668338, 
            76333.0
        ], 
        [
            0.8160705531326813, 
            76577.0
        ], 
        [
            0.8184680302063523, 
            76499.0
        ]
    ], 
    "0.155": [
        [
            0.9617326945318808, 
            81721.0
        ], 
        [
            0.9585042119293995, 
            81696.0
        ], 
        [
            0.9606926802036322, 
            80874.0
        ], 
        [
            0.9622719257669206, 
            81208.0
        ], 
        [
            0.9589096476984873, 
            81472.0
        ], 
        [
            0.9623697265159568, 
            81805.0
        ], 
        [
            0.9580129245500801, 
            81478.0
        ], 
        [
            0.9586967308204085, 
            81553.0
        ], 
        [
            0.9585678787044656, 
            81541.0
        ], 
        [
            0.9587209829080867, 
            81746.0
        ]
    ], 
    "0.165": [
        [
            1.0309956493909467, 
            22777.0
        ], 
        [
            1.0284939349022975, 
            22759.0
        ], 
        [
            1.0274866186718028, 
            22947.0
        ], 
        [
            1.0295519782656344, 
            22793.0
        ], 
        [
            1.0290248326062537, 
            22715.0
        ], 
        [
            1.027081850406206, 
            23112.0
        ], 
        [
            1.0289443533234999, 
            22956.0
        ], 
        [
            1.0278064894103027, 
            22613.0
        ], 
        [
            1.023695934287794, 
            22837.0
        ], 
        [
            1.0236104115497013, 
            22923.0
        ]
    ],