{
    "0.035": [
        [
            0.03823207123113486, 
            528.0
        ], 
        [
            0.03583575523338629, 
            583.0
        ], 
        [
            0.04288409108771029, 
            532.0
        ], 
        [
            0.03573220145874907, 
            571.0
        ], 
        [
            0.04302383827682367, 
            568.0
        ], 
        [
            0.05699534060805313, 
            539.0
        ], 
        [
            0.036443436747107434, 
            545.0
        ], 
        [
            0.02396974053761829, 
            544.0
        ], 
        [
            0.03672069715632763, 
            553.0
        ], 
        [
            0.04661157376776032, 
            617.0
        ]
    ], 
    "0.045": [
        [
            0.039265544766239995, 
            18197.0
        ], 
        [
            0.03931438347155949, 
            18465.0
        ], 
        [
            0.03728397476972455, 
            18397.0
        ], 
        [
            0.03900117254783593, 
            18223.0
        ], 
        [
            0.036967654381761805, 
            18561.0
        ], 
        [
            0.038197598323526524, 
            18428.0
        ], 
        [
            0.034130235242997194, 
            18438.0
        ], 
        [
            0.03782610062991254, 
            18561.0
        ], 
        [
            0.03394169440068313, 
            18535.0
        ], 
        [
            0.03727891291970078, 
            18414.0
        ]
    ], 
    "0.05500000000000001": [
        [
            0.05366572039024358, 
            97693.0
        ], 
        [
            0.054291784892083375, 
            97675.0
        ], 
        [
            0.054671371539310086, 
            98035.0
        ], 
        [
            0.05512472298429825, 
            98000.0
        ], 
        [
            0.055499725264521585, 
            98291.0
        ], 
        [
            0.055577176127803087, 
            98227.0
        ], 
        [
            0.05529407068839671, 
            97687.0
        ], 
        [
            0.05618465510436797, 
            97598.0
        ], 
        [
            0.055307746039724756, 
            98079.0
        ], 
        [
            0.05602831550146889, 
            97558.0
        ]
    ], 
    "0.065": [
        [
            0.11277284721539507, 
            74535.0
        ], 
        [
            0.1112415339728071, 
            75487.0
        ], 
        [
            0.11209068548309405, 
            74936.0
        ], 
        [
            0.11247425789810456, 
            75225.0
        ], 
        [
            0.11290848629170927, 
            74924.0
        ], 
        [
            0.11191687047030026, 
            74711.0
        ], 
        [
            0.11183489310412911, 
            74851.0
        ], 
        [
            0.11214650803132402, 
            74576.0
        ], 
        [
            0.11228181836763865, 
            74346.0
        ], 
        [
            0.110747256371313, 
            74453.0
        ]
    ], 
    "0.07500000000000001": [
        [
            0.1589905536273058, 
            79119.0
        ], 
        [
            0.16018614021117947, 
            80060.0
        ], 
        [
            0.15985084783660886, 
            79882.0
        ], 
        [
            0.16030406145293744, 
            79417.0
        ], 
        [
            0.15848571253202892, 
            79619.0
        ], 
        [
            0.16049519511362198, 
            79401.0
        ], 
        [
            0.15896874286183063, 
            79636.0
        ], 
        [
            0.15990876508721186, 
            79683.0
        ], 
        [
            0.15887516956067918, 
            80300.0
        ], 
        [
            0.15743590131567495, 
            79600.0
        ]
    ], 
    "0.08499999999999999": [
        [
            0.19029197457374739, 
            78993.0
        ], 
        [
            0.1911793665888908, 
            79260.0
        ], 
        [
            0.18846049906255077, 
            79399.0
        ], 
        [
            0.18993682971173234, 
            79324.0
        ], 
        [
            0.1904508018135522, 
            79751.0
        ], 
        [
            0.19015615700663102, 
            78987.0
        ], 
        [
            0.1908251687176464, 
            78940.0
        ], 
        [
            0.19090115080191775, 
            80014.0
        ], 
        [
            0.19098283452591713, 
            79480.0
        ], 
        [
            0.19163792428820944, 
            79230.0
        ]
    ], 
    "0.095": [
        [
            0.18834299711507593, 
            2141.0
        ], 
        [
            0.18422758482675017, 
            2051.0
        ], 
        [
            0.18269960427774526, 
            2065.0
        ], 
        [
            0.19368367568140774, 
            2015.0
        ], 
        [
            0.18737407502522496, 
            2040.0
        ], 
        [
            0.18459038017984428, 
            2052.0
        ], 
        [
            0.18925941525894663, 
            2065.0
        ], 
        [
            0.18552967750013896, 
            2094.0
        ], 
        [
            0.18940631734784852, 
            2084.0
        ], 
        [
            0.19195882515150048, 
            1992.0
        ]
    ]
}