{
    "0.07500000000000001": [
        [
            0.0, 
            0.0
        ], 
        [
            0.0, 
            0.0
        ], 
        [
            -0.3893500000000001, 
            1.0
        ], 
        [
            0.0, 
            0.0
        ], 
        [
            0.0, 
            0.0
        ], 
        [
            -0.38645, 
            1.0
        ], 
        [
            0.0, 
            0.0
        ], 
        [
            0.0, 
            0.0
        ], 
        [
            0.0, 
            0.0
        ], 
        [
            0.0, 
            0.0
        ]
    ], 
    "0.08499999999999999": [
        [
            0.16508846829096313, 
            1276.0
        ], 
        [
            0.15897899874726282, 
            1318.0
        ], 
        [
            0.15591851712465288, 
            1345.0
        ], 
        [
            0.15075006413536723, 
            1351.0
        ], 
        [
            0.14992966980490272, 
            1305.0
        ], 
        [
            0.1545627745668836, 
            1305.0
        ], 
        [
            0.1669318945728903, 
            1345.0
        ], 
        [
            0.16123667086219906, 
            1350.0
        ], 
        [
            0.15390232783411295, 
            1300.0
        ], 
        [
            0.1546800190531979, 
            1294.0
        ]
    ], 
    "0.095": [
        [
            0.2350223604270065, 
            46251.0
        ], 
        [
            0.23254999514887936, 
            46530.0
        ], 
        [
            0.23339952642575057, 
            46574.0
        ], 
        [
            0.2334751389902188, 
            46763.0
        ], 
        [
            0.23221373163290834, 
            46527.0
        ], 
        [
            0.2330914325744783, 
            46571.0
        ], 
        [
            0.2325240142220228, 
            46948.0
        ], 
        [
            0.2326500842348811, 
            46699.0
        ], 
        [
            0.23160301562872546, 
            46277.0
        ], 
        [
            0.2323410775843469, 
            46724.0
        ]
    ], 
    "0.10499999999999998": [
        [
            0.31718749720429174, 
            104709.0
        ], 
        [
            0.31659589934633386, 
            104595.0
        ], 
        [
            0.3154514978444681, 
            105003.0
        ], 
        [
            0.31592083432863255, 
            105323.0
        ], 
        [
            0.3157282116880902, 
            105409.0
        ], 
        [
            0.3157867080968088, 
            104957.0
        ], 
        [
            0.3150931647106783, 
            105358.0
        ], 
        [
            0.3169480511831089, 
            105104.0
        ], 
        [
            0.3162765711360707, 
            104987.0
        ], 
        [
            0.31516620858837885, 
            104887.0
        ]
    ], 
    "0.11499999999999999": [
        [
            0.37576987001837525, 
            42970.0
        ], 
        [
            0.374967984535413, 
            42705.0
        ], 
        [
            0.376441547945935, 
            42481.0
        ], 
        [
            0.375839630107405, 
            42591.0
        ], 
        [
            0.37494324119317135, 
            42415.0
        ], 
        [
            0.3761019427912252, 
            42471.0
        ], 
        [
            0.37766995106263723, 
            42327.0
        ], 
        [
            0.37568188765457716, 
            42295.0
        ], 
        [
            0.3759743806346963, 
            42343.0
        ], 
        [
            0.37798961656085184, 
            42410.0
        ]
    ], 
    "0.12499999999999997": [
        [
            0.5374887958687194, 
            23870.0
        ], 
        [
            0.5315966788117678, 
            24114.0
        ], 
        [
            0.5338606467418809, 
            23654.0
        ], 
        [
            0.5325850417287584, 
            23845.0
        ], 
        [
            0.5337733829002267, 
            23753.0
        ], 
        [
            0.5355413348375407, 
            23592.0
        ], 
        [
            0.5328535902194345, 
            23731.0
        ], 
        [
            0.5306743126646681, 
            23772.0
        ], 
        [
            0.534356601848024, 
            24258.0
        ], 
        [
            0.535574827185709, 
            24049.0
        ]
    ], 
    "0.13499999999999998": [
        [
            0.6680259920230597, 
            47984.0
        ], 
        [
            0.6754102971517397, 
            47988.0
        ], 
        [
            0.6719564454185728, 
            47589.0
        ], 
        [
            0.6720754295460074, 
            47672.0
        ], 
        [
            0.6722011585466455, 
            47201.0
        ], 
        [
            0.6692550109490849, 
            47894.0
        ], 
        [
            0.6710765438401748, 
            47664.0
        ], 
        [
            0.6692756952580884, 
            47822.0
        ], 
        [
            0.6750374824042792, 
            48054.0
        ], 
        [
            0.6752468853143333, 
            47807.0
        ]
    ], 
    "0.145": [
        [
            0.9907260622835844, 
            33227.0
        ], 
        [
            0.9943329003978223, 
            33030.0
        ], 
        [
            0.989998367653812, 
            33560.0
        ], 
        [
            0.9972189074247036, 
            33367.0
        ], 
        [
            0.9894609880196097, 
            32926.0
        ], 
        [
            0.9841784941085001, 
            33352.0
        ], 
        [
            0.9908501656681002, 
            32995.0
        ], 
        [
            0.9887623679590926, 
            33300.0
        ], 
        [
            0.9849356990137323, 
            33167.0
        ], 
        [
            0.9902385046645306, 
            33191.0
        ]
    ], 
    "0.155": [
        [
            1.1940516318389092, 
            35484.0
        ], 
        [
            1.208922020179529, 
            35104.0
        ], 
        [
            1.1967097122186687, 
            35384.0
        ], 
        [
            1.2034148471975177, 
            35205.0
        ], 
        [
            1.1978103065916232, 
            35386.0
        ], 
        [
            1.1955969170686138, 
            35247.0
        ], 
        [
            1.206673768375044, 
            35293.0
        ], 
        [
            1.1927046588627652, 
            35271.0
        ], 
        [
            1.1981407600936944, 
            34965.0
        ], 
        [
            1.1995740886024546, 
            35449.0
        ]
    ], 
    "0.165": [
        [
            1.2984292950660028, 
            7306.0
        ], 
        [
            1.2940094862899512, 
            7300.0
        ], 
        [
            1.3064736367743615, 
            7169.0
        ], 
        [
            1.2836599875227424, 
            7133.0
        ], 
        [
            1.3020292317839586, 
            7354.0
        ], 
        [
            1.2807341533420606, 
            7165.0
        ], 
        [
            1.2940945544244629, 
            7242.0
        ], 
        [
            1.2963494606036114, 
            7345.0
        ], 
        [
            1.2906843540429374, 
            7448.0
        ], 
        [
            1.3114756090623743, 
            7035.0
        ]
    ]
}