{
    "0.035": [
        [
            0.03823207123113486, 
            528.0
        ], 
        [
            0.03583575523338629, 
            583.0
        ], 
        [
            0.04288409108771029, 
            532.0
        ], 
        [
            0.03573220145874907, 
            571.0
        ], 
        [
            0.04302383827682367, 
            568.0
        ], 
        [
            0.05699534060805313, 
            539.0
        ], 
        [
            0.036443436747107434, 
            545.0
        ], 
        [
            0.02396974053761829, 
            544.0
        ], 
        [
            0.03672069715632763, 
            553.0
        ], 
        [
            0.04661157376776032, 
            617.0
        ]
    ], 
    "0.045": [
        [
            0.039265544766239995, 
            18197.0
        ], 
        [
            0.03931438347155949, 
            18465.0
        ], 
        [
            0.03728397476972455, 
            18397.0
        ], 
        [
            0.03900117254783593, 
            18223.0
        ], 
        [
            0.036967654381761805, 
            18561.0
        ], 
        [
            0.038197598323526524, 
            18428.0
        ], 
        [
            0.034130235242997194, 
            18438.0
        ], 
        [
            0.03782610062991254, 
            18561.0
        ], 
        [
            0.03394169440068313, 
            18535.0
        ], 
        [
            0.03727891291970078, 
            18414.0
        ]
    ], 
    "0.05500000000000001": [
        [
            0.05366572039024358, 
            97693.0
        ], 
        [
            0.054291784892083375, 
            97675.0
        ], 
        [
            0.054671371539310086, 
            98035.0
        ], 
        [
            0.05512472298429825, 
            98000.0
        ], 
        [
            0.055499725264521585, 
            98291.0
        ], 
        [
            0.055577176127803087, 
            98227.0
        ], 
        [
            0.05529407068839671, 
            97687.0
        ], 
        [
            0.05618465510436797, 
            97598.0
        ], 
        [
            0.055307746039724756, 
            98079.0
        ], 
        [
            0.05602831550146889, 
            97558.0
        ]
    ], 
    "0.065": [
        [
            0.11277284721539507, 
            74535.0
        ], 
        [
            0.1112415339728071, 
            75487.0
        ], 
        [
            0.11209068548309405, 
            74936.0
        ], 
        [
            0.11247425789810456, 
            75225.0
        ], 
        [
            0.11290848629170927, 
            74924.0
        ], 
        [
            0.11191687047030026, 
            74711.0
        ], 
        [
            0.11183489310412911, 
            74851.0
        ], 
        [
            0.11214650803132402, 
            74576.0
        ], 
        [
            0.11228181836763865, 
            74346.0
        ], 
        [
            0.110747256371313, 
            74453.0
        ]
    ], 
    "0.07500000000000001": [
        [
            0.3179811072546116, 
            79119.0
        ], 
        [
            0.32037228042235893, 
            80060.0
        ], 
        [
            0.31969769354891503, 
            79883.0
        ], 
        [
            0.32060812290587487, 
            79417.0
        ], 
        [
            0.31697142506405784, 
            79619.0
        ], 
        [
            0.3209863476289438, 
            79402.0
        ], 
        [
            0.31793748572366126, 
            79636.0
        ], 
        [
            0.3198175301744237, 
            79683.0
        ], 
        [
            0.31775033912135836, 
            80300.0
        ], 
        [
            0.3148718026313499, 
            79600.0
        ]
    ], 
    "0.08499999999999999": [
        [
            0.37453397818595047, 
            80269.0
        ], 
        [
            0.37610455945383314, 
            80578.0
        ], 
        [
            0.3706424047623964, 
            80744.0
        ], 
        [
            0.3735122176647897, 
            80675.0
        ], 
        [
            0.37476909532749214, 
            81056.0
        ], 
        [
            0.37413103107365026, 
            80292.0
        ], 
        [
            0.3752566187599429, 
            80285.0
        ], 
        [
            0.3754673978728835, 
            81364.0
        ], 
        [
            0.3758186602654096, 
            80780.0
        ], 
        [
            0.3771167041218726, 
            80524.0
        ]
    ], 
    "0.095": [
        [
            0.01666566196162083, 
            48392.0
        ], 
        [
            0.015555496036708368, 
            48581.0
        ], 
        [
            0.015513258201589011, 
            48639.0
        ], 
        [
            0.01600199296806087, 
            48778.0
        ], 
        [
            0.015740857497949592, 
            48567.0
        ], 
        [
            0.015580258730602408, 
            48623.0
        ], 
        [
            0.01594763399545936, 
            49013.0
        ], 
        [
            0.01592438032854266, 
            48793.0
        ], 
        [
            0.016324011718240578, 
            48361.0
        ], 
        [
            0.01569841447170494, 
            48716.0
        ]
    ], 
    "0.10499999999999998": [
        [
            0.31718749720429174, 
            104709.0
        ], 
        [
            0.31659589934633386, 
            104595.0
        ], 
        [
            0.3154514978444681, 
            105003.0
        ], 
        [
            0.31592083432863255, 
            105323.0
        ], 
        [
            0.3157282116880902, 
            105409.0
        ], 
        [
            0.3157867080968088, 
            104957.0
        ], 
        [
            0.3150931647106783, 
            105358.0
        ], 
        [
            0.3169480511831089, 
            105104.0
        ], 
        [
            0.3162765711360707, 
            104987.0
        ], 
        [
            0.31516620858837885, 
            104887.0
        ]
    ], 
    "0.11499999999999999": [
        [
            0.37576987001837525, 
            42970.0
        ], 
        [
            0.374967984535413, 
            42705.0
        ], 
        [
            0.376441547945935, 
            42481.0
        ], 
        [
            0.375839630107405, 
            42591.0
        ], 
        [
            0.37494324119317135, 
            42415.0
        ], 
        [
            0.3761019427912252, 
            42471.0
        ], 
        [
            0.37766995106263723, 
            42327.0
        ], 
        [
            0.37568188765457716, 
            42295.0
        ], 
        [
            0.3759743806346963, 
            42343.0
        ], 
        [
            0.37798961656085184, 
            42410.0
        ]
    ], 
    "0.12499999999999997": [
        [
            0.5374887958687194, 
            23870.0
        ], 
        [
            0.5315966788117678, 
            24114.0
        ], 
        [
            0.5338606467418809, 
            23654.0
        ], 
        [
            0.5325850417287584, 
            23845.0
        ], 
        [
            0.5337733829002267, 
            23753.0
        ], 
        [
            0.5355413348375407, 
            23592.0
        ], 
        [
            0.5328535902194345, 
            23731.0
        ], 
        [
            0.5306743126646681, 
            23772.0
        ], 
        [
            0.534356601848024, 
            24258.0
        ], 
        [
            0.535574827185709, 
            24049.0
        ]
    ],