{
    "0.07500000000000001": [
        [
            0.0, 
            0.0
        ], 
        [
            0.0, 
            0.0
        ], 
        [
            0.0, 
            0.0
        ], 
        [
            0.0, 
            0.0
        ], 
        [
            0.0, 
            0.0
        ], 
        [
            -2.4642857142858903, 
            1.0
        ], 
        [
            0.0, 
            0.0
        ], 
        [
            0.0, 
            0.0
        ], 
        [
            2.821428571428744, 
            1.0
        ], 
        [
            0.0, 
            0.0
        ]
    ], 
    "0.08499999999999999": [
        [
            0.2402472000853751, 
            1313.0
        ], 
        [
            0.6277723400296282, 
            1317.0
        ], 
        [
            -0.2475442203054768, 
            1387.0
        ], 
        [
            0.4452584756563871, 
            1340.0
        ], 
        [
            0.7231798770070254, 
            1269.0
        ], 
        [
            0.1508399401075212, 
            1282.0
        ], 
        [
            0.675655433148546, 
            1340.0
        ], 
        [
            0.3923718233388617, 
            1297.0
        ], 
        [
            -0.0556016240025427, 
            1312.0
        ], 
        [
            -0.9174209845292937, 
            1332.0
        ]
    ], 
    "0.095": [
        [
            1.268498284856552, 
            46633.0
        ], 
        [
            1.3224487156475764, 
            46328.0
        ], 
        [
            1.3118398182826125, 
            46636.0
        ], 
        [
            1.196357578389029, 
            46465.0
        ], 
        [
            1.1716259094006334, 
            46965.0
        ], 
        [
            1.3793059698935068, 
            46351.0
        ], 
        [
            1.5261284766315406, 
            46760.0
        ], 
        [
            1.600847655050375, 
            46561.0
        ], 
        [
            1.3203506621127696, 
            46688.0
        ], 
        [
            1.2607267569518397, 
            46477.0
        ]
    ], 
    "0.10499999999999998": [
        [
            2.7672094657985933, 
            104978.0
        ], 
        [
            2.736588386477739, 
            105049.0
        ], 
        [
            2.7798875052394885, 
            104730.0
        ], 
        [
            2.8239701536392885, 
            105305.0
        ], 
        [
            2.809679442835276, 
            104985.0
        ], 
        [
            2.981140186771481, 
            104959.0
        ], 
        [
            2.648340562614623, 
            104822.0
        ], 
        [
            2.815964170342354, 
            105129.0
        ], 
        [
            2.8414559128170036, 
            104829.0
        ], 
        [
            2.783559961646477, 
            105546.0
        ]
    ], 
    "0.11499999999999999": [
        [
            2.6879150081769883, 
            42284.0
        ], 
        [
            3.0019968149874607, 
            42462.0
        ], 
        [
            2.8852368144740734, 
            42611.0
        ], 
        [
            2.8559413716213142, 
            42621.0
        ], 
        [
            2.8014528525296947, 
            42866.0
        ], 
        [
            2.857554216497894, 
            42305.0
        ], 
        [
            2.777850125924956, 
            42428.0
        ], 
        [
            3.033487707904486, 
            42287.0
        ], 
        [
            2.917508220659634, 
            42441.0
        ], 
        [
            2.763445251705165, 
            42703.0
        ]
    ], 
    "0.12499999999999997": [
        [
            1.9462202171377063, 
            23657.0
        ], 
        [
            2.476925874464366, 
            23764.0
        ], 
        [
            1.7714600834267729, 
            24023.0
        ], 
        [
            1.931084236259896, 
            23838.0
        ], 
        [
            1.963557497154109, 
            24083.0
        ], 
        [
            2.1404330698766763, 
            23909.0
        ], 
        [
            1.9836975812700892, 
            23899.0
        ], 
        [
            1.9324630315707816, 
            23882.0
        ], 
        [
            1.8951397399600896, 
            23750.0
        ], 
        [
            1.932621082570273, 
            23833.0
        ]
    ], 
    "0.13499999999999998": [
        [
            1.6166711749040394, 
            47859.0
        ], 
        [
            1.781426223694238, 
            47879.0
        ], 
        [
            1.8010808043022741, 
            47884.0
        ], 
        [
            1.8662826346739272, 
            48070.0
        ], 
        [
            1.6871118668605112, 
            47552.0
        ], 
        [
            1.82701885739451, 
            47731.0
        ], 
        [
            1.9745805835202377, 
            47723.0
        ], 
        [
            1.6801797391193851, 
            47413.0
        ], 
        [
            1.849139490918442, 
            47698.0
        ], 
        [
            1.7767541969691683, 
            47866.0
        ]
    ], 
    "0.145": [
        [
            1.478964182121876, 
            33358.0
        ], 
        [
            1.8588367368437038, 
            33119.0
        ], 
        [
            1.3778247340939611, 
            33120.0
        ], 
        [
            1.5701999850860757, 
            33299.0
        ], 
        [
            1.557265723371935, 
            33234.0
        ], 
        [
            1.5505340004813088, 
            33319.0
        ], 
        [
            1.4316754044159006, 
            33464.0
        ], 
        [
            1.195906697912645, 
            33148.0
        ], 
        [
            1.376011490980981, 
            32990.0
        ], 
        [
            1.6621954150424325, 
            33064.0
        ]
    ], 
    "0.155": [
        [
            1.4678228382936305, 
            35243.0
        ], 
        [
            1.4540853102973472, 
            35349.0
        ], 
        [
            1.4659716783657522, 
            35250.0
        ], 
        [
            1.665029849983733, 
            35378.0
        ], 
        [
            1.4284883105702642, 
            35624.0
        ], 
        [
            1.4397905466157694, 
            35573.0
        ], 
        [
            1.2811387431744239, 
            35072.0
        ], 
        [
            1.579927416689299, 
            35182.0
        ], 
        [
            1.5679430977126345, 
            35140.0
        ], 
        [
            1.167800143318321, 
            34977.0
        ]
    ], 
    "0.165": [
        [
            0.8492958900219177, 
            7152.0
        ], 
        [
            0.41648185360492695, 
            7374.0
        ], 
        [
            1.1139802906255967, 
            7272.0
        ], 
        [
            1.0745093660298803, 
            7316.0
        ], 
        [
            1.2882203417517695, 
            7253.0
        ], 
        [
            0.17631145199714665, 
            7191.0
        ], 
        [
            0.7889325512147783, 
            7267.0
        ], 
        [
            1.4673755681345442, 
            7230.0
        ], 
        [
            1.0150163044566822, 
            7302.0
        ], 
        [
            0.9003661335266031, 
            7140.0
        ]
    ]
}