{
    "0.035": [
        [
            -0.7916811515532322, 
            622.0
        ], 
        [
            0.029440218129641715, 
            532.0
        ], 
        [
            -2.0194659541052657, 
            523.0
        ], 
        [
            -2.062396661686068, 
            582.0
        ], 
        [
            -1.3848800382882658, 
            528.0
        ], 
        [
            -2.131185041819315, 
            573.0
        ], 
        [
            -0.19404243768516846, 
            547.0
        ], 
        [
            -3.085214777473491, 
            540.0
        ], 
        [
            -1.2024371087157084, 
            552.0
        ], 
        [
            -2.546382348648018, 
            581.0
        ]
    ], 
    "0.045": [
        [
            -1.08590797350106, 
            18625.0
        ], 
        [
            -0.8099893803838478, 
            18430.0
        ], 
        [
            -0.9786856112931369, 
            18464.0
        ], 
        [
            -0.7531584816897221, 
            18441.0
        ], 
        [
            -0.9866344798696608, 
            18580.0
        ], 
        [
            -0.9002679748700478, 
            18292.0
        ], 
        [
            -0.9884766799657249, 
            18232.0
        ], 
        [
            -0.8403600825335721, 
            18436.0
        ], 
        [
            -0.6669852808638745, 
            18299.0
        ], 
        [
            -0.9480890700594884, 
            18420.0
        ]
    ], 
    "0.05500000000000001": [
        [
            -0.5475504240666219, 
            97295.0
        ], 
        [
            -0.5356923712056924, 
            97531.0
        ], 
        [
            -0.6406551287794519, 
            97759.0
        ], 
        [
            -0.5711766568229082, 
            98065.0
        ], 
        [
            -0.41604300756223794, 
            98322.0
        ], 
        [
            -0.5817640196965628, 
            97793.0
        ], 
        [
            -0.5908873543753801, 
            98030.0
        ], 
        [
            -0.5428486651457454, 
            98432.0
        ], 
        [
            -0.5718751880738624, 
            97460.0
        ], 
        [
            -0.5883011655897195, 
            98156.0
        ]
    ], 
    "0.065": [
        [
            0.2468792924607181, 
            74734.0
        ], 
        [
            0.10194384297145835, 
            74538.0
        ], 
        [
            0.1473569231978848, 
            74645.0
        ], 
        [
            0.14587598088747333, 
            75340.0
        ], 
        [
            0.21152393255599256, 
            74973.0
        ], 
        [
            0.10342882876076326, 
            74478.0
        ], 
        [
            0.22384041469436425, 
            74346.0
        ], 
        [
            0.3738167577730097, 
            74808.0
        ], 
        [
            0.29635187753729164, 
            75240.0
        ], 
        [
            0.09923939546398715, 
            74942.0
        ]
    ], 
    "0.07500000000000001": [
        [
            0.8561570868853116, 
            79197.0
        ], 
        [
            1.2128797483097238, 
            79895.0
        ], 
        [
            0.6606662360285671, 
            79977.0
        ], 
        [
            1.0410994754120289, 
            79440.0
        ], 
        [
            1.0785932467976036, 
            79532.0
        ], 
        [
            0.953452769079726, 
            79697.0
        ], 
        [
            0.8359456767606472, 
            79877.0
        ], 
        [
            1.0032611924734178, 
            79555.0
        ], 
        [
            0.7608994865202698, 
            80203.0
        ], 
        [
            0.8782633441674087, 
            79346.0
        ]
    ], 
    "0.08499999999999999": [
        [
            2.042843718078406, 
            81089.0
        ], 
        [
            2.0326200985784384, 
            80534.0
        ], 
        [
            1.8333243947050974, 
            81112.0
        ], 
        [
            1.9120814579250234, 
            80538.0
        ], 
        [
            2.022660454788352, 
            80318.0
        ], 
        [
            1.9518642857546757, 
            80381.0
        ], 
        [
            1.7555975609336538, 
            80653.0
        ], 
        [
            2.007225197287924, 
            80588.0
        ], 
        [
            2.0055673037170303, 
            80687.0
        ], 
        [
            1.7123675433973744, 
            80667.0
        ]
    ], 
    "0.095": [
        [
            0.1923661657534465, 
            48661.0
        ], 
        [
            0.11286918360799315, 
            48306.0
        ], 
        [
            0.12574857685327198, 
            48737.0
        ], 
        [
            0.1696863833764907, 
            48499.0
        ], 
        [
            0.10709555920143422, 
            48999.0
        ], 
        [
            0.1752028787291518, 
            48390.0
        ], 
        [
            0.18180869677902042, 
            48802.0
        ], 
        [
            0.250639946768577, 
            48690.0
        ], 
        [
            0.059265301945189294, 
            48739.0
        ], 
        [
            0.12049209334388795, 
            48640.0
        ]
    ], 
    "0.10499999999999998": [
        [
            2.7672094657985933, 
            104978.0
        ], 
        [
            2.736588386477739, 
            105049.0
        ], 
        [
            2.7798875052394885, 
            104730.0
        ], 
        [
            2.8239701536392885, 
            105305.0
        ], 
        [
            2.809679442835276, 
            104985.0
        ], 
        [
            2.981140186771481, 
            104959.0
        ], 
        [
            2.648340562614623, 
            104822.0
        ], 
        [
            2.815964170342354, 
            105129.0
        ], 
        [
            2.8414559128170036, 
            104829.0
        ], 
        [
            2.783559961646477, 
            105546.0
        ]
    ], 
    "0.11499999999999999": [
        [
            2.6879150081769883, 
            42284.0
        ], 
        [
            3.0019968149874607, 
            42462.0
        ], 
        [
            2.8852368144740734, 
            42611.0
        ], 
        [
            2.8559413716213142, 
            42621.0
        ], 
        [
            2.8014528525296947, 
            42866.0
        ], 
        [
            2.857554216497894, 
            42305.0
        ], 
        [
            2.777850125924956, 
            42428.0
        ], 
        [
            3.033487707904486, 
            42287.0
        ], 
        [
            2.917508220659634, 
            42441.0
        ], 
        [
            2.763445251705165, 
            42703.0
        ]
    ], 
    "0.12499999999999997": [
        [
            1.9462202171377063, 
            23657.0
        ], 
        [
            2.476925874464366, 
            23764.0
        ], 
        [
            1.7714600834267729, 
            24023.0
        ], 
        [
            1.931084236259896, 
            23838.0
        ], 
        [
            1.963557497154109, 
            24083.0
        ], 
        [
            2.1404330698766763, 
            23909.0
        ], 
        [
            1.9836975812700892, 
            23899.0
        ], 
        [
            1.9324630315707816, 
            23882.0
        ], 
        [
            1.8951397399600896, 
            23750.0
        ], 
        [
            1.932621082570273, 
            23833.0
        ]
    ],