{
    "0.035": [
        [
            -0.7916811515532322, 
            622.0
        ], 
        [
            0.029440218129641715, 
            532.0
        ], 
        [
            -2.0194659541052657, 
            523.0
        ], 
        [
            -2.062396661686068, 
            582.0
        ], 
        [
            -1.3848800382882658, 
            528.0
        ], 
        [
            -2.131185041819315, 
            573.0
        ], 
        [
            -0.19404243768516846, 
            547.0
        ], 
        [
            -3.085214777473491, 
            540.0
        ], 
        [
            -1.2024371087157084, 
            552.0
        ], 
        [
            -2.546382348648018, 
            581.0
        ]
    ], 
    "0.045": [
        [
            -1.08590797350106, 
            18625.0
        ], 
        [
            -0.8099893803838478, 
            18430.0
        ], 
        [
            -0.9786856112931369, 
            18464.0
        ], 
        [
            -0.7531584816897221, 
            18441.0
        ], 
        [
            -0.9866344798696608, 
            18580.0
        ], 
        [
            -0.9002679748700478, 
            18292.0
        ], 
        [
            -0.9884766799657249, 
            18232.0
        ], 
        [
            -0.8403600825335721, 
            18436.0
        ], 
        [
            -0.6669852808638745, 
            18299.0
        ], 
        [
            -0.9480890700594884, 
            18420.0
        ]
    ], 
    "0.05500000000000001": [
        [
            -0.5475504240666219, 
            97295.0
        ], 
        [
            -0.5356923712056924, 
            97531.0
        ], 
        [
            -0.6406551287794519, 
            97759.0
        ], 
        [
            -0.5711766568229082, 
            98065.0
        ], 
        [
            -0.41604300756223794, 
            98322.0
        ], 
        [
            -0.5817640196965628, 
            97793.0
        ], 
        [
            -0.5908873543753801, 
            98030.0
        ], 
        [
            -0.5428486651457454, 
            98432.0
        ], 
        [
            -0.5718751880738624, 
            97460.0
        ], 
        [
            -0.5883011655897195, 
            98156.0
        ]
    ], 
    "0.065": [
        [
            0.2468792924607181, 
            74734.0
        ], 
        [
            0.10194384297145835, 
            74538.0
        ], 
        [
            0.1473569231978848, 
            74645.0
        ], 
        [
            0.14587598088747333, 
            75340.0
        ], 
        [
            0.21152393255599256, 
            74973.0
        ], 
        [
            0.10342882876076326, 
            74478.0
        ], 
        [
            0.22384041469436425, 
            74346.0
        ], 
        [
            0.3738167577730097, 
            74808.0
        ], 
        [
            0.29635187753729164, 
            75240.0
        ], 
        [
            0.09923939546398715, 
            74942.0
        ]
    ], 
    "0.07500000000000001": [
        [
            0.4280785434426558, 
            79197.0
        ], 
        [
            0.6064398741548619, 
            79895.0
        ], 
        [
            0.33033311801428356, 
            79977.0
        ], 
        [
            0.5205497377060144, 
            79440.0
        ], 
        [
            0.5392966233988018, 
            79532.0
        ], 
        [
            0.47673236635055033, 
            79696.0
        ], 
        [
            0.4179728383803236, 
            79877.0
        ], 
        [
            0.5016305962367089, 
            79555.0
        ], 
        [
            0.38045448690422434, 
            80202.0
        ], 
        [
            0.43913167208370435, 
            79346.0
        ]
    ], 
    "0.08499999999999999": [
        [
            1.0382330165416909, 
            79776.0
        ], 
        [
            1.0332064267702383, 
            79217.0
        ], 
        [
            0.932609647559234, 
            79725.0
        ], 
        [
            0.9722165740193283, 
            79198.0
        ], 
        [
            1.027565449326942, 
            79049.0
        ], 
        [
            0.9917495995729818, 
            79099.0
        ], 
        [
            0.8926292668413879, 
            79313.0
        ], 
        [
            1.0200291596715845, 
            79291.0
        ], 
        [
            1.019358797070967, 
            79375.0
        ], 
        [
            0.8705587232825108, 
            79335.0
        ]
    ], 
    "0.095": [
        [
            2.3078722859291076, 
            2028.0
        ], 
        [
            1.3782251727420922, 
            1978.0
        ], 
        [
            1.4584979509990281, 
            2101.0
        ], 
        [
            2.0230137432095434, 
            2034.0
        ], 
        [
            1.289964431000756, 
            2034.0
        ], 
        [
            2.078976778250038, 
            2039.0
        ], 
        [
            2.1725337953500867, 
            2042.0
        ], 
        [
            2.8660542527388477, 
            2129.0
        ], 
        [
            0.704176389933345, 
            2051.0
        ], 
        [
            1.3547700925211998, 
            2163.0
        ]
    ]
}