{
    "0.035": [
        [
            -0.22428611289678915, 
            694.0
        ], 
        [
            -1.4987113812387618, 
            665.0
        ], 
        [
            -1.2825674071948716, 
            685.0
        ], 
        [
            -1.1803980738631281, 
            702.0
        ], 
        [
            -0.7269674916977029, 
            675.0
        ], 
        [
            -1.303039676875245, 
            699.0
        ], 
        [
            -0.7978685086516911, 
            688.0
        ], 
        [
            -0.9230762956084393, 
            663.0
        ], 
        [
            -1.390631338774493, 
            699.0
        ], 
        [
            -0.514265688198124, 
            682.0
        ]
    ], 
    "0.045": [
        [
            -0.675957879473604, 
            30957.0
        ], 
        [
            -0.5353449397048274, 
            30459.0
        ], 
        [
            -0.6366176898700749, 
            30813.0
        ], 
        [
            -0.7186325327115284, 
            31022.0
        ], 
        [
            -0.5319800569089947, 
            31019.0
        ], 
        [
            -0.5433481819501229, 
            31160.0
        ], 
        [
            -0.5597169414157279, 
            31123.0
        ], 
        [
            -0.5912654321702728, 
            30752.0
        ], 
        [
            -0.6177409737589671, 
            30804.0
        ], 
        [
            -0.5229346769838151, 
            31024.0
        ]
    ], 
    "0.05500000000000001": [
        [
            -0.4122379864890305, 
            204188.0
        ], 
        [
            -0.4403774139162918, 
            203381.0
        ], 
        [
            -0.4179664073724344, 
            204086.0
        ], 
        [
            -0.4031495040797368, 
            204538.0
        ], 
        [
            -0.45551144412153705, 
            204259.0
        ], 
        [
            -0.4059520309976643, 
            204254.0
        ], 
        [
            -0.4208227402784159, 
            203850.0
        ], 
        [
            -0.4383593854222495, 
            203489.0
        ], 
        [
            -0.4225928222008893, 
            204911.0
        ], 
        [
            -0.46443331671725124, 
            204635.0
        ]
    ], 
    "0.065": [
        [
            -0.1553285676533348, 
            178280.0
        ], 
        [
            -0.15576396111764812, 
            177766.0
        ], 
        [
            -0.16469367048172914, 
            178252.0
        ], 
        [
            -0.2125307927640486, 
            178179.0
        ], 
        [
            -0.2300807301066156, 
            178351.0
        ], 
        [
            -0.15164567463173131, 
            178258.0
        ], 
        [
            -0.13163419773384713, 
            178330.0
        ], 
        [
            -0.18061009714481022, 
            177977.0
        ], 
        [
            -0.1724745372203432, 
            177105.0
        ], 
        [
            -0.14366808311738982, 
            178326.0
        ]
    ], 
    "0.07500000000000001": [
        [
            0.0814298374680924, 
            136318.0
        ], 
        [
            0.15017835241764646, 
            135819.0
        ], 
        [
            0.10723667328753299, 
            136007.0
        ], 
        [
            0.12506100633526807, 
            136189.0
        ], 
        [
            0.15732833300783722, 
            136349.0
        ], 
        [
            0.18542909272256392, 
            136323.0
        ], 
        [
            0.17380424905483494, 
            136507.0
        ], 
        [
            0.11527083809574605, 
            136581.0
        ], 
        [
            0.19955444013709878, 
            136384.0
        ], 
        [
            0.1827594137596758, 
            136204.0
        ]
    ], 
    "0.08499999999999999": [
        [
            1.222530857565094, 
            146134.0
        ], 
        [
            0.9239662344404828, 
            145488.0
        ], 
        [
            1.0215666071780158, 
            145817.0
        ], 
        [
            0.9773196221770266, 
            146396.0
        ], 
        [
            0.9730415690262003, 
            146032.0
        ], 
        [
            0.9734295392557945, 
            145987.0
        ], 
        [
            1.179163494628081, 
            146161.0
        ], 
        [
            1.1633100362796516, 
            145464.0
        ], 
        [
            1.0479246650746095, 
            145692.0
        ], 
        [
            1.0412195090396943, 
            145674.0
        ]
    ], 
    "0.095": [
        [
            0.11195591614271734, 
            103847.0
        ], 
        [
            0.1262610360384546, 
            104251.0
        ], 
        [
            0.1481769119599539, 
            104428.0
        ], 
        [
            0.1288536660093067, 
            103855.0
        ], 
        [
            0.10908649700763498, 
            104304.0
        ], 
        [
            0.11622833654171102, 
            103952.0
        ], 
        [
            0.11958394289194492, 
            104077.0
        ], 
        [
            0.14337602198372137, 
            104295.0
        ], 
        [
            0.14240461926238004, 
            104459.0
        ], 
        [
            0.1272435499682726, 
            103615.0
        ]
    ], 
    "0.10499999999999998": [
        [
            0.00015428574123518452, 
            212037.0
        ], 
        [
            0.0, 
            212930.0
        ], 
        [
            0.0, 
            213213.0
        ], 
        [
            0.0001633785615187218, 
            213352.0
        ], 
        [
            0.0, 
            213141.0
        ], 
        [
            0.0002824097896700301, 
            213216.0
        ], 
        [
            0.0, 
            212875.0
        ], 
        [
            0.0, 
            212730.0
        ], 
        [
            0.0, 
            213265.0
        ], 
        [
            0.00014854058041477395, 
            213025.0
        ]
    ], 
    "0.11499999999999999": [
        [
            1.2771316694077806, 
            100012.0
        ], 
        [
            1.2532963470802894, 
            100358.0
        ], 
        [
            1.2451515720112811, 
            99965.0
        ], 
        [
            1.2552249305146865, 
            99875.0
        ], 
        [
            1.2740767082287499, 
            100409.0
        ], 
        [
            1.2396381201847135, 
            99670.0
        ], 
        [
            1.2725218495214252, 
            99766.0
        ], 
        [
            1.2002359041371014, 
            100401.0
        ], 
        [
            1.3023790686683172, 
            100276.0
        ], 
        [
            1.2548810665385233, 
            100194.0
        ]
    ], 
    "0.12499999999999997": [
        [
            0.8746366281217158, 
            58161.0
        ], 
        [
            0.779419371020136, 
            57875.0
        ], 
        [
            0.7879252919359915, 
            57865.0
        ], 
        [
            0.7960094309146456, 
            57966.0
        ], 
        [
            0.7663331723501629, 
            57853.0
        ], 
        [
            0.7868467415018532, 
            57768.0
        ], 
        [
            0.7650482689316299, 
            57980.0
        ], 
        [
            0.667004057958132, 
            57767.0
        ], 
        [
            0.69516184335591, 
            57955.0
        ], 
        [
            0.8707330105102494, 
            57376.0
        ]
    ],