{
    "0.07500000000000001": [
        [
            0.0, 
            0.0
        ], 
        [
            30.03571428571429, 
            1.0
        ], 
        [
            0.0, 
            0.0
        ], 
        [
            0.0, 
            0.0
        ], 
        [
            30.42857142857136, 
            1.0
        ], 
        [
            0.0, 
            0.0
        ], 
        [
            0.0, 
            0.0
        ], 
        [
            18.321428571428598, 
            1.0
        ], 
        [
            0.0, 
            0.0
        ], 
        [
            0.0, 
            0.0
        ]
    ], 
    "0.08499999999999999": [
        [
            -0.039959799984923064, 
            3515.0
        ], 
        [
            -0.06362699357228112, 
            3563.0
        ], 
        [
            -0.10258825411144396, 
            3573.0
        ], 
        [
            0.06768003110183282, 
            3586.0
        ], 
        [
            -0.1104329461120536, 
            3411.0
        ], 
        [
            0.07122696151343876, 
            3581.0
        ], 
        [
            0.16146920993001318, 
            3634.0
        ], 
        [
            -0.012065180310326015, 
            3548.0
        ], 
        [
            0.3102216611066554, 
            3597.0
        ], 
        [
            0.2077610435641619, 
            3677.0
        ]
    ], 
    "0.095": [
        [
            0.4676498214612635, 
            98312.0
        ], 
        [
            0.4546703710975175, 
            98649.0
        ], 
        [
            0.49393309687284487, 
            98970.0
        ], 
        [
            0.47947477675541256, 
            98456.0
        ], 
        [
            0.4401254366909937, 
            98816.0
        ], 
        [
            0.4411285283156691, 
            98415.0
        ], 
        [
            0.476982394901635, 
            98440.0
        ], 
        [
            0.4716205688967737, 
            98809.0
        ], 
        [
            0.5084197878666947, 
            99009.0
        ], 
        [
            0.4884224460913016, 
            98092.0
        ]
    ], 
    "0.10499999999999998": [
        [
            1.2683905137343796, 
            212036.0
        ], 
        [
            1.262957592109944, 
            212930.0
        ], 
        [
            1.2373300024072102, 
            213213.0
        ], 
        [
            1.1810318577714396, 
            213351.0
        ], 
        [
            1.1654348408895245, 
            213141.0
        ], 
        [
            1.1578125267639339, 
            213214.0
        ], 
        [
            1.2277024886305827, 
            212875.0
        ], 
        [
            1.2064621264821644, 
            212730.0
        ], 
        [
            1.2232102418370718, 
            213265.0
        ], 
        [
            1.1826916822225033, 
            213024.0
        ]
    ], 
    "0.11499999999999999": [
        [
            1.2771316694077806, 
            100012.0
        ], 
        [
            1.2532963470802894, 
            100358.0
        ], 
        [
            1.2451515720112811, 
            99965.0
        ], 
        [
            1.2552249305146865, 
            99875.0
        ], 
        [
            1.2740767082287499, 
            100409.0
        ], 
        [
            1.2396381201847135, 
            99670.0
        ], 
        [
            1.2725218495214252, 
            99766.0
        ], 
        [
            1.2002359041371014, 
            100401.0
        ], 
        [
            1.3023790686683172, 
            100276.0
        ], 
        [
            1.2548810665385233, 
            100194.0
        ]
    ], 
    "0.12499999999999997": [
        [
            0.8746366281217158, 
            58161.0
        ], 
        [
            0.779419371020136, 
            57875.0
        ], 
        [
            0.7879252919359915, 
            57865.0
        ], 
        [
            0.7960094309146456, 
            57966.0
        ], 
        [
            0.7663331723501629, 
            57853.0
        ], 
        [
            0.7868467415018532, 
            57768.0
        ], 
        [
            0.7650482689316299, 
            57980.0
        ], 
        [
            0.667004057958132, 
            57767.0
        ], 
        [
            0.69516184335591, 
            57955.0
        ], 
        [
            0.8707330105102494, 
            57376.0
        ]
    ], 
    "0.13499999999999998": [
        [
            0.6524168630974844, 
            104869.0
        ], 
        [
            0.6430359620847212, 
            104977.0
        ], 
        [
            0.5783931395419719, 
            105468.0
        ], 
        [
            0.6365163200089499, 
            105605.0
        ], 
        [
            0.6217771910224422, 
            104711.0
        ], 
        [
            0.6460553960724472, 
            105525.0
        ], 
        [
            0.627941047168481, 
            104694.0
        ], 
        [
            0.6601014909899962, 
            104917.0
        ], 
        [
            0.6455058986989586, 
            105127.0
        ], 
        [
            0.6485525797452432, 
            104992.0
        ]
    ], 
    "0.145": [
        [
            0.5175687507181155, 
            76199.0
        ], 
        [
            0.4670024215155426, 
            76680.0
        ], 
        [
            0.39698497108170083, 
            76094.0
        ], 
        [
            0.4231513094233091, 
            75580.0
        ], 
        [
            0.3996365521160539, 
            75758.0
        ], 
        [
            0.5298410862716916, 
            76843.0
        ], 
        [
            0.42764246877284534, 
            76486.0
        ], 
        [
            0.5101295443803643, 
            76664.0
        ], 
        [
            0.3987695444475495, 
            75813.0
        ], 
        [
            0.3614870060212292, 
            76358.0
        ]
    ], 
    "0.155": [
        [
            0.36882521724114414, 
            81331.0
        ], 
        [
            0.49055340026830946, 
            81290.0
        ], 
        [
            0.33356748835256367, 
            81441.0
        ], 
        [
            0.31392374140088025, 
            81609.0
        ], 
        [
            0.36439528603224086, 
            81667.0
        ], 
        [
            0.5010022191693819, 
            81188.0
        ], 
        [
            0.4131874949221656, 
            81638.0
        ], 
        [
            0.35671294494178335, 
            81633.0
        ], 
        [
            0.508508284770616, 
            81350.0
        ], 
        [
            0.42458348266868307, 
            81947.0
        ]
    ], 
    "0.165": [
        [
            0.39823262960966654, 
            23020.0
        ], 
        [
            0.4542981265703487, 
            22933.0
        ], 
        [
            0.45171941585022296, 
            22786.0
        ], 
        [
            0.34359009555494485, 
            22603.0
        ], 
        [
            0.3583182626835244, 
            22969.0
        ], 
        [
            0.35948597701150603, 
            22875.0
        ], 
        [
            0.18108712396271678, 
            22874.0
        ], 
        [
            0.21742005938410963, 
            22958.0
        ], 
        [
            0.5236927082920403, 
            22732.0
        ], 
        [
            0.3030768075480806, 
            22682.0
        ]
    ],