{
    "0.035": [
        [
            -0.22428611289678915, 
            694.0
        ], 
        [
            -1.4987113812387618, 
            665.0
        ], 
        [
            -1.2825674071948716, 
            685.0
        ], 
        [
            -1.1803980738631281, 
            702.0
        ], 
        [
            -0.7269674916977029, 
            675.0
        ], 
        [
            -1.303039676875245, 
            699.0
        ], 
        [
            -0.7978685086516911, 
            688.0
        ], 
        [
            -0.9230762956084393, 
            663.0
        ], 
        [
            -1.390631338774493, 
            699.0
        ], 
        [
            -0.514265688198124, 
            682.0
        ]
    ], 
    "0.045": [
        [
            -0.675957879473604, 
            30957.0
        ], 
        [
            -0.5353449397048274, 
            30459.0
        ], 
        [
            -0.6366176898700749, 
            30813.0
        ], 
        [
            -0.7186325327115284, 
            31022.0
        ], 
        [
            -0.5319800569089947, 
            31019.0
        ], 
        [
            -0.5433481819501229, 
            31160.0
        ], 
        [
            -0.5597169414157279, 
            31123.0
        ], 
        [
            -0.5912654321702728, 
            30752.0
        ], 
        [
            -0.6177409737589671, 
            30804.0
        ], 
        [
            -0.5229346769838151, 
            31024.0
        ]
    ], 
    "0.05500000000000001": [
        [
            -0.4122379864890305, 
            204188.0
        ], 
        [
            -0.4403774139162918, 
            203381.0
        ], 
        [
            -0.4179664073724344, 
            204086.0
        ], 
        [
            -0.4031495040797368, 
            204538.0
        ], 
        [
            -0.45551144412153705, 
            204259.0
        ], 
        [
            -0.4059520309976643, 
            204254.0
        ], 
        [
            -0.4208227402784159, 
            203850.0
        ], 
        [
            -0.4383593854222495, 
            203489.0
        ], 
        [
            -0.4225928222008893, 
            204911.0
        ], 
        [
            -0.46443331671725124, 
            204635.0
        ]
    ], 
    "0.065": [
        [
            -0.1553285676533348, 
            178280.0
        ], 
        [
            -0.15576396111764812, 
            177766.0
        ], 
        [
            -0.16469367048172914, 
            178252.0
        ], 
        [
            -0.2125307927640486, 
            178179.0
        ], 
        [
            -0.2300807301066156, 
            178351.0
        ], 
        [
            -0.15164567463173131, 
            178258.0
        ], 
        [
            -0.13163419773384713, 
            178330.0
        ], 
        [
            -0.18061009714481022, 
            177977.0
        ], 
        [
            -0.1724745372203432, 
            177105.0
        ], 
        [
            -0.14366808311738982, 
            178326.0
        ]
    ], 
    "0.07500000000000001": [
        [
            0.0407149187340462, 
            136318.0
        ], 
        [
            0.07508972907498389, 
            135818.0
        ], 
        [
            0.053618336643766494, 
            136007.0
        ], 
        [
            0.06253050316763403, 
            136189.0
        ], 
        [
            0.07866474344062838, 
            136348.0
        ], 
        [
            0.09271454636128196, 
            136323.0
        ], 
        [
            0.08690212452741747, 
            136507.0
        ], 
        [
            0.057635841038054955, 
            136580.0
        ], 
        [
            0.09977722006854939, 
            136384.0
        ], 
        [
            0.0913797068798379, 
            136204.0
        ]
    ], 
    "0.08499999999999999": [
        [
            0.6263307285123912, 
            142619.0
        ], 
        [
            0.4735811150828852, 
            141925.0
        ], 
        [
            0.5236135723084163, 
            142244.0
        ], 
        [
            0.5009301988944331, 
            142810.0
        ], 
        [
            0.49815667541257624, 
            142621.0
        ], 
        [
            0.498953899931659, 
            142406.0
        ], 
        [
            0.6046142679574219, 
            142527.0
        ], 
        [
            0.596196803451983, 
            141916.0
        ], 
        [
            0.5372259414618741, 
            142095.0
        ], 
        [
            0.5340908989621205, 
            141997.0
        ]
    ], 
    "0.095": [
        [
            1.0502516733218399, 
            5535.0
        ], 
        [
            1.1748339225316788, 
            5602.0
        ], 
        [
            1.4175355956535418, 
            5458.0
        ], 
        [
            1.2393126026483188, 
            5399.0
        ], 
        [
            1.0366397580069568, 
            5488.0
        ], 
        [
            1.0910391945262727, 
            5537.0
        ], 
        [
            1.1039505077492417, 
            5637.0
        ], 
        [
            1.3628693230762141, 
            5486.0
        ], 
        [
            1.3647196443604548, 
            5450.0
        ], 
        [
            1.1935850470724758, 
            5523.0
        ]
    ], 
    "0.10499999999999998": [
        [
            16.35714285714241, 
            1.0
        ], 
        [
            0.0, 
            0.0
        ], 
        [
            0.0, 
            0.0
        ], 
        [
            17.428571428571168, 
            1.0
        ], 
        [
            0.0, 
            0.0
        ], 
        [
            15.053571428571285, 
            2.0
        ], 
        [
            0.0, 
            0.0
        ], 
        [
            0.0, 
            0.0
        ], 
        [
            0.0, 
            0.0
        ], 
        [
            15.82142857142861, 
            1.0
        ]
    ]
}