{
    "(-0.005, 0.034999999999999996)": [
        [
            -3.977678571428244, 
            -2.638392857142861, 
            -4.259380885388987
        ], 
        16.0
    ], 
    "(-0.005, 0.045)": [
        [
            -2.318729340582223, 
            0.4853823846093962, 
            1.2905599312657823
        ], 
        4461.0
    ], 
    "(-0.005, 0.055)": [
        [
            -2.699155001556364, 
            -0.1186378543812886, 
            0.7325437612971049
        ], 
        21800.0
    ], 
    "(-0.005, 0.065)": [
        [
            -3.2674692543397166, 
            -1.6753168465690018, 
            1.0374359252415173
        ], 
        7646.0
    ], 
    "(-0.005, 0.07500000000000001)": [
        [
            -3.9804592360444855, 
            -0.30075628110897906, 
            0.24543342692029604
        ], 
        3632.0
    ], 
    "(-0.005, 0.085)": [
        [
            -4.142716779874308, 
            -1.9213405977591764, 
            0.23148970364809243
        ], 
        2256.0
    ], 
    "(-0.015, 0.034999999999999996)": [
        [
            1.3763239773616487, 
            0.9825800541598219, 
            -0.1978041907988488
        ], 
        628.0
    ], 
    "(-0.015, 0.045)": [
        [
            -0.6211625829568078, 
            1.1079744150440303, 
            0.08020861709888875
        ], 
        28979.0
    ], 
    "(-0.015, 0.055)": [
        [
            -1.0922887174403397, 
            0.17557990804591359, 
            0.2694360209176633
        ], 
        127746.0
    ], 
    "(-0.015, 0.065)": [
        [
            -1.5538414607950526, 
            -0.9454427248903423, 
            0.4596138495845905
        ], 
        58054.0
    ], 
    "(-0.015, 0.07500000000000001)": [
        [
            -1.7420815371244531, 
            0.18215355030258334, 
            0.4017371686447954
        ], 
        36532.0
    ], 
    "(-0.015, 0.085)": [
        [
            -2.6342363194025076, 
            -0.9031013929565755, 
            0.2846355387456202
        ], 
        38829.0
    ], 
    "(-0.015, 0.095)": [
        [
            -5.782001893573943, 
            -6.165389079699374, 
            -1.1560069682399081
        ], 
        239.0
    ], 
    "(-0.024999999999999998, 0.034999999999999996)": [
        [
            0.2981499399618855, 
            1.5675779292811862, 
            -0.2618654772500969
        ], 
        1710.0
    ], 
    "(-0.024999999999999998, 0.045)": [
        [
            0.6528647724595967, 
            1.2500277511325046, 
            -0.03380490313613922
        ], 
        58330.0
    ], 
    "(-0.024999999999999998, 0.055)": [
        [
            0.02964872040203948, 
            0.3826532615397211, 
            0.15691297952080324
        ], 
        271149.0
    ], 
    "(-0.024999999999999998, 0.065)": [
        [
            -0.14312999798918982, 
            -0.7392318905442967, 
            0.3079744511660901
        ], 
        145322.0
    ], 
    "(-0.024999999999999998, 0.07500000000000001)": [
        [
            -1.0224669691997503, 
            0.3643837103381012, 
            0.3861944461081457
        ], 
        78308.0
    ], 
    "(-0.024999999999999998, 0.085)": [
        [
            -1.571771058730797, 
            -0.40881650669665065, 
            0.5160395165371079
        ], 
        94160.0
    ], 
    "(-0.024999999999999998, 0.095)": [
        [
            -1.7925503573147366, 
            -4.241391777613702, 
            -0.08361472635979557
        ], 
        3105.0
    ], 
    "(-0.035, 0.034999999999999996)": [
        [
            1.4473594168392256, 
            1.9301376393502467, 
            -0.02823871783827455
        ], 
        2270.0
    ], 
    "(-0.035, 0.045)": [
        [
            1.0196935724249796, 
            1.6809991336468673, 
            -0.16505903453150222
        ], 
        60986.0
    ], 
    "(-0.035, 0.055)": [
        [
            1.0290087004857429, 
            0.6102979051376196, 
            0.14501023062586105
        ], 
        448319.0
    ], 
    "(-0.035, 0.065)": [
        [
            0.5208435426024184, 
            -0.24138232147431132, 
            0.2847286831297795
        ], 
        194149.0
    ], 
    "(-0.035, 0.07500000000000001)": [
        [
            -0.19324036641106224, 
            0.6137348137726382, 
            0.054531509271511895
        ], 
        125855.0
    ], 
    "(-0.035, 0.085)": [
        [
            -1.1736626023018577, 
            -0.1932662379104475, 
            0.426734854770327
        ], 
        106071.0
    ], 
    "(-0.035, 0.095)": [
        [
            -1.4500742159758395, 
            -3.4993642068609367, 
            0.5891487140953076
        ], 
        7650.0
    ], 
    "(-0.045000000000000005, 0.034999999999999996)": [
        [
            1.3033499621124727, 
            1.6443138336682084, 
            0.010436073463515924
        ], 
        1506.0
    ], 
    "(-0.045000000000000005, 0.045)": [
        [
            1.0577831495957088, 
            1.4592351443895848, 
            -0.10674658355749136
        ], 
        49560.0
    ], 
    "(-0.045000000000000005, 0.055)": [
        [
            0.9715955011715535, 
            1.0081984648978204, 
            -0.012042529743494507
        ], 
        272586.0
    ], 
    "(-0.045000000000000005, 0.065)": [
        [
            0.5569432848939196, 
            0.24045945607500152, 
            0.2189088606947959
        ], 
        221706.0
    ], 
    "(-0.045000000000000005, 0.07500000000000001)": [
        [
            -0.01623324747838078, 
            1.1828716859265058, 
            0.340347113768548
        ], 
        156213.0
    ], 
    "(-0.045000000000000005, 0.085)": [
        [
            -0.8144625638371176, 
            -0.286728749965679, 
            0.3128584271423454
        ], 
        213907.0
    ], 
    "(-0.045000000000000005, 0.095)": [
        [
            -1.6376991952264477, 
            -3.9493697423548, 
            0.22821725664757855
        ], 
        11839.0
    ], 
    "(-0.055, 0.034999999999999996)": [
        [
            -0.29286465967586595, 
            1.188315105047654, 
            -0.7241122042801761
        ], 
        543.0
    ], 
    "(-0.055, 0.045)": [
        [
            1.1055770176545, 
            1.6709216501519497, 
            -0.005676641164509588
        ], 
        39022.0
    ], 
    "(-0.055, 0.055)": [
        [
            0.9898433005898086, 
            1.1016073155104515, 
            0.07395489288920341
        ], 
        210892.0
    ], 
    "(-0.055, 0.065)": [
        [
            0.7836858450912056, 
            0.32241103297068635, 
            0.1982654892924982
        ], 
        112064.0
    ], 
    "(-0.055, 0.07500000000000001)": [
        [
            0.16105331014061042, 
            1.2405787640406412, 
            0.2341663559811311
        ], 
        134742.0
    ], 
    "(-0.055, 0.085)": [
        [
            -0.6024696373856072, 
            -0.019956500973042163, 
            0.3869995746117352
        ], 
        193597.0
    ], 
    "(-0.055, 0.095)": [
        [
            -1.330305634014662, 
            -3.629503041997237, 
            0.8149191052208898
        ], 
        13701.0
    ], 
    "(-0.065, 0.034999999999999996)": [
        [
            1.5410993892571354, 
            2.550966486785072, 
            0.11200328227889225
        ], 
        66.0
    ], 
    "(-0.065, 0.045)": [
        [
            1.0871345748526415, 
            1.4575194149964135, 
            -0.07125062948632915
        ], 
        8695.0
    ], 
    "(-0.065, 0.055)": [
        [
            1.3796661209275118, 
            1.0845502478509998, 
            -0.14745738934204727
        ], 
        51336.0
    ],