{
    "(-0.0, 0.04)": [
        [
            -7.6775350765300105, 
            -0.5687181122448456, 
            4.0946196660481045
        ], 
        64.0
    ], 
    "(-0.0, 0.05)": [
        [
            -6.906100780393814, 
            1.9981695405941642, 
            1.8088128870211126
        ], 
        1007.0
    ], 
    "(-0.0, 0.06)": [
        [
            -6.533836097015161, 
            -0.7508112175367498, 
            2.000360027717866
        ], 
        1369.0
    ], 
    "(-0.0, 0.07)": [
        [
            -8.196428571426761, 
            -1.6428571428571201, 
            25.36607142857123
        ], 
        2.0
    ], 
    "(-0.0, 0.08)": [
        [
            -10.942857142857125, 
            -16.42380952380922, 
            -1.2857864357864195
        ], 
        15.0
    ], 
    "(-0.01, 0.04)": [
        [
            -3.491608909476862, 
            1.391913798882591, 
            0.08218056469681984
        ], 
        2853.0
    ], 
    "(-0.01, 0.05)": [
        [
            -3.891057111863324, 
            1.217797303039035, 
            -0.14388076252064938
        ], 
        29601.0
    ], 
    "(-0.01, 0.06)": [
        [
            -4.4091807145038455, 
            -1.5335492212574555, 
            1.015092948639964
        ], 
        49832.0
    ], 
    "(-0.01, 0.07)": [
        [
            -5.087908684659891, 
            -2.4530827782977416, 
            -0.026250511548938937
        ], 
        2731.0
    ], 
    "(-0.01, 0.08)": [
        [
            -5.347380790783521, 
            -1.3109809574479507, 
            0.83611676312215
        ], 
        6597.0
    ], 
    "(-0.01, 0.09)": [
        [
            -8.17571615564882, 
            -5.330139935600312, 
            0.3384630839598426
        ], 
        680.0
    ], 
    "(-0.02, 0.03)": [
        [
            48.13095238095218, 
            11.869047619047711, 
            -3.115620490620677
        ], 
        3.0
    ], 
    "(-0.02, 0.04)": [
        [
            -0.2803613983798441, 
            3.160416114109568, 
            -0.3754884721039235
        ], 
        7461.0
    ], 
    "(-0.02, 0.05)": [
        [
            -0.7223923471319345, 
            1.748969306270555, 
            0.07370704597209246
        ], 
        73199.0
    ], 
    "(-0.02, 0.06)": [
        [
            -1.4667268162469493, 
            -0.7458037644446206, 
            0.5750581510043665
        ], 
        108304.0
    ], 
    "(-0.02, 0.07)": [
        [
            -2.1847702737004746, 
            -1.8400863151225682, 
            0.05968520627152323
        ], 
        19542.0
    ], 
    "(-0.02, 0.08)": [
        [
            -3.11748883213578, 
            -0.2581691060726613, 
            0.6815308623060234
        ], 
        28886.0
    ], 
    "(-0.02, 0.09)": [
        [
            -5.111251369598709, 
            -3.338796782277587, 
            1.09063103012967
        ], 
        8617.0
    ], 
    "(-0.03, 0.03)": [
        [
            2.697066326531062, 
            -6.1339285714285605, 
            0.74199907235602
        ], 
        8.0
    ], 
    "(-0.03, 0.04)": [
        [
            1.4346036386425063, 
            3.162745595704122, 
            -0.5827445635810712
        ], 
        10872.0
    ], 
    "(-0.03, 0.05)": [
        [
            0.9299434650342732, 
            2.839487647451854, 
            -0.6008777250553071
        ], 
        123521.0
    ], 
    "(-0.03, 0.06)": [
        [
            0.5003957138346274, 
            -0.9503799144973247, 
            0.3052741567881527
        ], 
        174886.0
    ], 
    "(-0.03, 0.07)": [
        [
            -0.6315545801619707, 
            -0.8951600024332079, 
            -0.00033405874945666245
        ], 
        44073.0
    ], 
    "(-0.03, 0.08)": [
        [
            -1.4381560706328242, 
            0.06375748854832938, 
            0.2655202861233273
        ], 
        49886.0
    ], 
    "(-0.03, 0.09)": [
        [
            -2.655684997531161, 
            -1.515953879167045, 
            -0.07739384721597076
        ], 
        18297.0
    ], 
    "(-0.03, 0.1)": [
        [
            -39.035714285713624, 
            -53.857142857143316, 
            1.1347402597403502
        ], 
        1.0
    ], 
    "(-0.04, 0.03)": [
        [
            2.5280612244904046, 
            3.1681547619047206, 
            9.83515319006388
        ], 
        12.0
    ], 
    "(-0.04, 0.04)": [
        [
            1.5561933163688202, 
            2.623290704441325, 
            -0.15013579852910255
        ], 
        11049.0
    ], 
    "(-0.04, 0.05)": [
        [
            2.517119759096754, 
            2.6457378755307324, 
            -0.47485979554796903
        ], 
        136773.0
    ], 
    "(-0.04, 0.06)": [
        [
            1.3543001241189223, 
            0.44181939643123824, 
            0.4023362285267833
        ], 
        167861.0
    ], 
    "(-0.04, 0.07)": [
        [
            0.47572057320755773, 
            0.3210811132362819, 
            0.079299477485265
        ], 
        59005.0
    ], 
    "(-0.04, 0.08)": [
        [
            -1.5965831519893168, 
            0.6585549442756123, 
            0.28813861384475914
        ], 
        77507.0
    ], 
    "(-0.04, 0.09)": [
        [
            -2.2505377334593755, 
            -1.664966522491515, 
            0.27378115756561117
        ], 
        28693.0
    ], 
    "(-0.04, 0.1)": [
        [
            4.428571428571247, 
            -17.25000000000003, 
            -39.75108225108252
        ], 
        1.0
    ], 
    "(-0.05, 0.03)": [
        [
            -8.808673469387568, 
            20.86698250728893, 
            14.34284168212746
        ], 
        7.0
    ], 
    "(-0.05, 0.04)": [
        [
            2.353499729152366, 
            4.250754785148611, 
            -0.15403092529674023
        ], 
        6889.0
    ], 
    "(-0.05, 0.05)": [
        [
            1.4922739229316635, 
            2.699924737569238, 
            -0.00490418768358866
        ], 
        88717.0
    ], 
    "(-0.05, 0.06)": [
        [
            1.5899276548210517, 
            0.7207038545413188, 
            0.2808802453945216
        ], 
        165238.0
    ], 
    "(-0.05, 0.07)": [
        [
            0.9728349394551424, 
            0.8973426596348434, 
            -0.1576241153215742
        ], 
        39668.0
    ], 
    "(-0.05, 0.08)": [
        [
            -0.4862838046549863, 
            1.0096683536098716, 
            0.08829939663117561
        ], 
        98604.0
    ], 
    "(-0.05, 0.09)": [
        [
            -1.9186373604346205, 
            -1.4323296875675906, 
            0.5323178693017887
        ], 
        34908.0
    ], 
    "(-0.05, 0.1)": [
        [
            -38.482142857142776, 
            -35.05357142857175, 
            -7.721726190476
        ], 
        4.0
    ], 
    "(-0.06, 0.03)": [
        [
            -1.2857142857141548, 
            5.061688311688462, 
            17.107142857142804
        ], 
        11.0
    ], 
    "(-0.06, 0.04)": [
        [
            1.959186626140628, 
            3.7004926610138917, 
            -0.45930600405154554
        ], 
        2392.0
    ], 
    "(-0.06, 0.05)": [
        [
            2.532011987894313, 
            2.952617910145452, 
            -0.36251312804316227
        ], 
        55145.0
    ], 
    "(-0.06, 0.06)": [
        [
            2.4860378440178863, 
            0.5182103704914787, 
            0.011338081328214317
        ], 
        52574.0
    ], 
    "(-0.06, 0.07)": [
        [
            0.8171511394298575, 
            3.203826742027219, 
            -0.1458641882543761
        ], 
        24904.0
    ], 
    "(-0.06, 0.08)": [
        [
            -0.3502556855113342, 
            1.5253647684430776, 
            0.26373321151593415
        ], 
        69265.0
    ],