{
    "(-0.005, 0.034999999999999996)": [
        [
            -7.515749778171596, 
            2.763087843833326, 
            -2.3018867131834666
        ], 
        46.0
    ], 
    "(-0.005, 0.045)": [
        [
            -5.198601642103074, 
            0.725837823778923, 
            0.20040569842521344
        ], 
        3685.0
    ], 
    "(-0.005, 0.055)": [
        [
            -5.783172059604251, 
            0.04633218045243583, 
            0.6195486556695645
        ], 
        16848.0
    ], 
    "(-0.005, 0.065)": [
        [
            -6.134285341891728, 
            -3.780381567454469, 
            1.8627348777840442
        ], 
        5735.0
    ], 
    "(-0.005, 0.07500000000000001)": [
        [
            -8.016871820237744, 
            -1.5045029034100255, 
            0.5171572761562941
        ], 
        801.0
    ], 
    "(-0.005, 0.085)": [
        [
            -7.986785036594654, 
            -3.613890717576802, 
            1.6437557427663367
        ], 
        527.0
    ], 
    "(-0.015, 0.034999999999999996)": [
        [
            -1.660744409380659, 
            5.763203457192097, 
            -0.10666283101102499
        ], 
        581.0
    ], 
    "(-0.015, 0.045)": [
        [
            -2.0418166163473765, 
            2.123865666290279, 
            -0.30231008634694034
        ], 
        21200.0
    ], 
    "(-0.015, 0.055)": [
        [
            -2.2835035434886195, 
            0.4749135945492465, 
            0.37060542936286583
        ], 
        88188.0
    ], 
    "(-0.015, 0.065)": [
        [
            -3.2870138573728123, 
            -2.6732070616048382, 
            1.003720997317014
        ], 
        37675.0
    ], 
    "(-0.015, 0.07500000000000001)": [
        [
            -3.3145457745231703, 
            0.3015261007011706, 
            0.10014284659764769
        ], 
        13068.0
    ], 
    "(-0.015, 0.085)": [
        [
            -4.974921569136147, 
            -1.6996587977545707, 
            1.4146464924075297
        ], 
        11685.0
    ], 
    "(-0.015, 0.095)": [
        [
            -8.8333396379864, 
            -16.328169034063, 
            0.36851043265798356
        ], 
        39.0
    ], 
    "(-0.024999999999999998, 0.034999999999999996)": [
        [
            1.2045792845191348, 
            2.957695365822991, 
            -0.1870864242996765
        ], 
        1252.0
    ], 
    "(-0.024999999999999998, 0.045)": [
        [
            0.5357259288107266, 
            2.6374239571032905, 
            -0.22736060601980795
        ], 
        34592.0
    ], 
    "(-0.024999999999999998, 0.055)": [
        [
            -0.48247657579704556, 
            0.6029815592225951, 
            0.020988678669349416
        ], 
        150755.0
    ], 
    "(-0.024999999999999998, 0.065)": [
        [
            -0.5860652245864416, 
            -1.6848820069558146, 
            0.5934258318236886
        ], 
        77354.0
    ], 
    "(-0.024999999999999998, 0.07500000000000001)": [
        [
            -1.8398683667625366, 
            1.1645244417377134, 
            0.21478097733410528
        ], 
        32638.0
    ], 
    "(-0.024999999999999998, 0.085)": [
        [
            -2.9118045154823315, 
            -1.069352584212481, 
            0.40236084386025545
        ], 
        34080.0
    ], 
    "(-0.024999999999999998, 0.095)": [
        [
            -5.31850909078209, 
            -12.599740422861121, 
            -0.20126567876787338
        ], 
        858.0
    ], 
    "(-0.035, 0.034999999999999996)": [
        [
            2.550726237345538, 
            2.7340557744830316, 
            -0.5141642149070959
        ], 
        1780.0
    ], 
    "(-0.035, 0.045)": [
        [
            2.006529343761376, 
            3.658876591783216, 
            -0.8835134430566342
        ], 
        37939.0
    ], 
    "(-0.035, 0.055)": [
        [
            1.704548314329323, 
            0.9222969351766197, 
            -0.1765631332914511
        ], 
        232536.0
    ], 
    "(-0.035, 0.065)": [
        [
            0.6917472812485544, 
            -0.8361448210646195, 
            0.3404744288987401
        ], 
        93435.0
    ], 
    "(-0.035, 0.07500000000000001)": [
        [
            -0.47862025114664747, 
            1.3719418086714208, 
            -0.20238819986203582
        ], 
        58737.0
    ], 
    "(-0.035, 0.085)": [
        [
            -2.073529787852658, 
            -0.5486032897769739, 
            0.17835212562217392
        ], 
        44257.0
    ], 
    "(-0.035, 0.095)": [
        [
            -3.5305188388739412, 
            -7.383588960422674, 
            0.24081995537063328
        ], 
        2409.0
    ], 
    "(-0.045000000000000005, 0.034999999999999996)": [
        [
            1.9478304101196244, 
            3.6951489861121436, 
            -0.08502922831809717
        ], 
        1252.0
    ], 
    "(-0.045000000000000005, 0.045)": [
        [
            1.52105679381411, 
            3.103860961073827, 
            -0.13578210499928858
        ], 
        37086.0
    ], 
    "(-0.045000000000000005, 0.055)": [
        [
            1.7281556751587828, 
            1.8699155108675933, 
            0.09447662611472225
        ], 
        164201.0
    ], 
    "(-0.045000000000000005, 0.065)": [
        [
            1.1886604855325391, 
            -0.4297339505464839, 
            0.47305154112027226
        ], 
        111767.0
    ], 
    "(-0.045000000000000005, 0.07500000000000001)": [
        [
            -0.24672896223331187, 
            2.9882766246708647, 
            -0.0632785283409154
        ], 
        69314.0
    ], 
    "(-0.045000000000000005, 0.085)": [
        [
            -1.8464138912497094, 
            -0.7482327633872912, 
            0.3962752665904254
        ], 
        85814.0
    ], 
    "(-0.045000000000000005, 0.095)": [
        [
            -3.6265433129390647, 
            -7.921199028844002, 
            0.3916629566511851
        ], 
        3809.0
    ], 
    "(-0.055, 0.034999999999999996)": [
        [
            1.2515036666184596, 
            3.215376355899214, 
            1.3044022707199565
        ], 
        487.0
    ], 
    "(-0.055, 0.045)": [
        [
            2.208722869625211, 
            3.7064023223915923, 
            -0.4514773344365548
        ], 
        27238.0
    ], 
    "(-0.055, 0.055)": [
        [
            1.869028771757497, 
            1.9461943661225367, 
            0.05239611137206097
        ], 
        129057.0
    ], 
    "(-0.055, 0.065)": [
        [
            2.0576881750219056, 
            -0.21932500474541175, 
            0.1261749269094519
        ], 
        52637.0
    ], 
    "(-0.055, 0.07500000000000001)": [
        [
            0.29444026952487873, 
            2.7334543747246918, 
            0.006718141103486698
        ], 
        56410.0
    ], 
    "(-0.055, 0.085)": [
        [
            -0.8675106773482278, 
            0.1776139955568242, 
            0.25114401032419675
        ], 
        76152.0
    ], 
    "(-0.055, 0.095)": [
        [
            -1.1810141940734113, 
            -8.333517656427102, 
            0.5299390508798552
        ], 
        3729.0
    ], 
    "(-0.065, 0.034999999999999996)": [
        [
            4.339680942799775, 
            5.407049439494175, 
            1.5316152869598127
        ], 
        142.0
    ], 
    "(-0.065, 0.045)": [
        [
            3.5047560730732603, 
            3.8280322830395788, 
            -1.1231964829930965
        ], 
        6115.0
    ], 
    "(-0.065, 0.055)": [
        [
            3.1295802516640316, 
            1.7060016285545272, 
            -0.15593201626292763
        ], 
        31344.0
    ], 
    "(-0.065, 0.065)": [
        [
            2.773976303459193, 
            1.512159412488344, 
            -0.45021671266933994
        ], 
        7677.0
    ],