{
    "(-0.0, 0.04)": [
        [
            -2.094941875015563, 
            -0.05318141936164417, 
            1.2476830860779446
        ], 
        112.0
    ], 
    "(-0.0, 0.05)": [
        [
            -2.634134757762807, 
            0.19317965511072602, 
            0.8660399566544157
        ], 
        1310.0
    ], 
    "(-0.0, 0.06)": [
        [
            -3.117557601338869, 
            -1.0672773995676104, 
            0.6256721709301611
        ], 
        1981.0
    ], 
    "(-0.0, 0.07)": [
        [
            -2.7617346938779885, 
            3.5301020408168924, 
            2.9002396413110065
        ], 
        10.0
    ], 
    "(-0.0, 0.08)": [
        [
            -4.20397155451455, 
            -0.621996707486621, 
            -1.2930072404142492
        ], 
        206.0
    ], 
    "(-0.0, 0.09)": [
        [
            -28.499999999998092, 
            5.7499999999991935, 
            40.125000000000476
        ], 
        1.0
    ], 
    "(-0.01, 0.04)": [
        [
            -1.46641745016163, 
            1.1916055681583144, 
            0.1980067500693261
        ], 
        3253.0
    ], 
    "(-0.01, 0.05)": [
        [
            -1.922410052682124, 
            0.5139460849918714, 
            0.10812099266940944
        ], 
        39274.0
    ], 
    "(-0.01, 0.06)": [
        [
            -2.1324329851885166, 
            -0.5611935896590858, 
            0.5602921739954033
        ], 
        69655.0
    ], 
    "(-0.01, 0.07)": [
        [
            -2.6162507570584723, 
            -0.6663655555328906, 
            0.44640131755068396
        ], 
        6579.0
    ], 
    "(-0.01, 0.08)": [
        [
            -2.89052785921097, 
            -0.5494742797479405, 
            0.18138484273429004
        ], 
        22664.0
    ], 
    "(-0.01, 0.09)": [
        [
            -2.7212239167894627, 
            -1.760197959750579, 
            0.27511282008566573
        ], 
        2559.0
    ], 
    "(-0.02, 0.03)": [
        [
            -8.14540816326775, 
            0.12500000000030553, 
            -0.5300131416203804
        ], 
        2.0
    ], 
    "(-0.02, 0.04)": [
        [
            0.1977063608402393, 
            1.3175568412075596, 
            0.013791490910430875
        ], 
        11562.0
    ], 
    "(-0.02, 0.05)": [
        [
            -0.024715283751106685, 
            0.7660307847411691, 
            0.11573427067116036
        ], 
        111373.0
    ], 
    "(-0.02, 0.06)": [
        [
            -0.6650353537234635, 
            -0.29084313725421584, 
            0.3591608231148715
        ], 
        173519.0
    ], 
    "(-0.02, 0.07)": [
        [
            -1.1102073824356373, 
            -0.49401264343029033, 
            0.3127847837299778
        ], 
        43485.0
    ], 
    "(-0.02, 0.08)": [
        [
            -1.66527745498698, 
            -0.029604912718324404, 
            0.5897233499410965
        ], 
        77018.0
    ], 
    "(-0.02, 0.09)": [
        [
            -2.7019739772981763, 
            -1.330180690101598, 
            0.5123655905180987
        ], 
        30335.0
    ], 
    "(-0.02, 0.1)": [
        [
            6.971428571429, 
            -4.407142857141559, 
            -6.245670995671243
        ], 
        5.0
    ], 
    "(-0.03, 0.03)": [
        [
            0.25000000000001804, 
            -9.119047619047864, 
            -3.9949494949498257
        ], 
        3.0
    ], 
    "(-0.03, 0.04)": [
        [
            0.7418333957121181, 
            1.2305940136668785, 
            -0.01957210642053053
        ], 
        17431.0
    ], 
    "(-0.03, 0.05)": [
        [
            0.6195635625942784, 
            1.3751508879632055, 
            -0.15617339291323099
        ], 
        220113.0
    ], 
    "(-0.03, 0.06)": [
        [
            0.45435048515500004, 
            -0.15638500536718936, 
            0.2902112447134917
        ], 
        354994.0
    ], 
    "(-0.03, 0.07)": [
        [
            -0.16358186245413275, 
            -0.33258240432861574, 
            0.2919600861764089
        ], 
        98934.0
    ], 
    "(-0.03, 0.08)": [
        [
            -0.7866945463860708, 
            0.03767954191744613, 
            0.38595335394205504
        ], 
        117005.0
    ], 
    "(-0.03, 0.09)": [
        [
            -1.4331535408297373, 
            -0.8036792188073909, 
            0.18093447204071916
        ], 
        51337.0
    ], 
    "(-0.03, 0.1)": [
        [
            10.321428571426303, 
            -2.214285714284935, 
            -8.55248917748958
        ], 
        1.0
    ], 
    "(-0.04, 0.03)": [
        [
            5.345481049563195, 
            -1.8826530612244754, 
            1.8755797773654768
        ], 
        7.0
    ], 
    "(-0.04, 0.04)": [
        [
            1.0563025182439942, 
            1.6757146154333358, 
            0.38912403015392283
        ], 
        15345.0
    ], 
    "(-0.04, 0.05)": [
        [
            1.459137825713704, 
            1.3343251838017332, 
            0.0181688961055309
        ], 
        232726.0
    ], 
    "(-0.04, 0.06)": [
        [
            0.8195364378977207, 
            0.3372350158184917, 
            0.202145205276383
        ], 
        314132.0
    ], 
    "(-0.04, 0.07)": [
        [
            0.34261582983284056, 
            0.1271289327940913, 
            0.1986565083541754
        ], 
        128651.0
    ], 
    "(-0.04, 0.08)": [
        [
            -0.8714064900606545, 
            0.2665912730598598, 
            0.2771070572410602
        ], 
        179898.0
    ], 
    "(-0.04, 0.09)": [
        [
            -1.0873857249834955, 
            -0.7700217463682072, 
            0.35739772931845715
        ], 
        73583.0
    ], 
    "(-0.04, 0.1)": [
        [
            -8.666028911564114, 
            -5.381802721087837, 
            3.647791692434556
        ], 
        24.0
    ], 
    "(-0.05, 0.03)": [
        [
            -8.821428571429104, 
            -10.089285714285793, 
            -15.051948051948163
        ], 
        2.0
    ], 
    "(-0.05, 0.04)": [
        [
            1.0083197955954741, 
            1.0163554863389619, 
            -0.21847985574940595
        ], 
        9242.0
    ], 
    "(-0.05, 0.05)": [
        [
            0.8823429065683154, 
            1.479144117390569, 
            -0.062349771887506455
        ], 
        132275.0
    ], 
    "(-0.05, 0.06)": [
        [
            0.806010664612555, 
            0.6852195132257728, 
            0.13875941674788259
        ], 
        290208.0
    ], 
    "(-0.05, 0.07)": [
        [
            0.2725372488899313, 
            0.6208981272783453, 
            0.22097795390055375
        ], 
        94621.0
    ], 
    "(-0.05, 0.08)": [
        [
            -0.09198979436597725, 
            0.5077085396507434, 
            0.3516540906716038
        ], 
        236232.0
    ], 
    "(-0.05, 0.09)": [
        [
            -0.8286961088193922, 
            -0.8558124964259822, 
            0.3892362772384425
        ], 
        94998.0
    ], 
    "(-0.05, 0.1)": [
        [
            1.7789115646259586, 
            -5.952180872348074, 
            -2.3873337213671593
        ], 
        51.0
    ], 
    "(-0.06, 0.03)": [
        [
            36.78571428571453, 
            -9.464285714285559, 
            9.152597402597339
        ], 
        1.0
    ], 
    "(-0.06, 0.04)": [
        [
            1.0166013338802824, 
            1.4368704067084548, 
            0.024262912705877136
        ], 
        3133.0
    ], 
    "(-0.06, 0.05)": [
        [
            1.2293259095924385, 
            1.406195824377617, 
            -0.08505611395243283
        ], 
        87030.0
    ], 
    "(-0.06, 0.06)": [
        [
            1.1596574761055967, 
            0.5390958107630404, 
            0.11097850366805154
        ], 
        93609.0
    ],