{
    "0.08 - 0.09": [
        [
            -0.15837064057951336, 
            0.06906092992383353, 
            0.06213080997265734
        ], 
        2175
    ], 
    "0.09 - 0.1": [
        [
            -0.2656051041942176, 
            0.08008587855634369, 
            0.07736632468790866
        ], 
        62063
    ], 
    "0.1 - 0.11": [
        [
            -0.3443235447662185, 
            0.10857216305744165, 
            0.09463143316718109
        ], 
        159658
    ], 
    "0.11 - 0.12": [
        [
            -0.3821583944705346, 
            0.10985079160155939, 
            0.0977341054821466
        ], 
        108623
    ], 
    "0.12 - 0.13": [
        [
            -0.4850610548511752, 
            0.1161511495886142, 
            0.10248921064640333
        ], 
        26088
    ], 
    "0.13 - 0.14": [
        [
            -0.5831266724433108, 
            0.1113524685787926, 
            0.09678265342031647
        ], 
        48263
    ], 
    "no group": [
        [
            -1.041754973333466, 
            0.04076519657512664, 
            0.15521491907791773
        ], 
        62832
    ]
}