{
    "0.035": [
        248.24581720008138, 
        5580.0
    ], 
    "0.045": [
        8781.882179968587, 
        184219.0
    ], 
    "0.05500000000000001": [
        58773.29909215752, 
        978843.0
    ], 
    "0.065": [
        46195.1172423768, 
        748044.0
    ], 
    "0.07500000000000001": [
        51496.66444564797, 
        796719.0
    ], 
    "0.08499999999999999": [
        54645.5667457704, 
        806567.0
    ], 
    "0.095": [
        41377.85040838931, 
        486463.0
    ], 
    "0.10499999999999998": [
        101635.04312772841, 
        1050332.0
    ], 
    "0.11499999999999999": [
        39568.99445897831, 
        425008.0
    ], 
    "0.12499999999999997": [
        42881.436405697066, 
        238638.0
    ], 
    "0.13499999999999998": [
        124304.65692632447, 
        477675.0
    ], 
    "0.145": [
        150454.88129098204, 
        332115.0
    ], 
    "0.155": [
        180253.146180251, 
        352788.0
    ], 
    "0.165": [
        37855.37417828808, 
        72497.0
    ]
}