{
    "0.035": [
        187.4847168555671, 
        6852.0
    ], 
    "0.045": [
        9638.551046406097, 
        309133.0
    ], 
    "0.05500000000000001": [
        82680.10683238434, 
        2041591.0
    ], 
    "0.065": [
        71727.1609691217, 
        1780824.0
    ], 
    "0.07500000000000001": [
        60781.039779814106, 
        1362681.0
    ], 
    "0.08499999999999999": [
        70349.95556105174, 
        1458845.0
    ], 
    "0.095": [
        61591.69814576919, 
        1041083.0
    ], 
    "0.10499999999999998": [
        149049.90739629048, 
        2129784.0
    ], 
    "0.11499999999999999": [
        69819.51560044453, 
        1000926.0
    ], 
    "0.12499999999999997": [
        79078.9410281749, 
        578566.0
    ], 
    "0.13499999999999998": [
        190232.56681020898, 
        1050885.0
    ], 
    "0.145": [
        189678.49074550945, 
        762475.0
    ], 
    "0.155": [
        214974.45922461123, 
        815094.0
    ], 
    "0.165": [
        60507.728201274476, 
        228432.0
    ], 
    "0.175": [
        14.694488330000066, 
        19.0
    ]
}