{
    "0.035": [
        248.24581720008138, 
        5580.0
    ], 
    "0.045": [
        8781.882179968587, 
        184219.0
    ], 
    "0.05500000000000001": [
        58773.29909215752, 
        978843.0
    ], 
    "0.065": [
        46195.1172423768, 
        748044.0
    ], 
    "0.07500000000000001": [
        51496.06547914145, 
        796717.0
    ], 
    "0.08499999999999999": [
        53755.191716037654, 
        793378.0
    ], 
    "0.095": [
        1384.1204702146226, 
        20599.0
    ]
}