{
    "0.035": [
        187.4847168555671, 
        6852.0
    ], 
    "0.045": [
        9638.551046406097, 
        309133.0
    ], 
    "0.05500000000000001": [
        82680.10683238434, 
        2041591.0
    ], 
    "0.065": [
        71727.1609691217, 
        1780824.0
    ], 
    "0.07500000000000001": [
        60779.89969804332, 
        1362678.0
    ], 
    "0.08499999999999999": [
        68690.24402533098, 
        1423160.0
    ], 
    "0.095": [
        2613.2922811437597, 
        55115.0
    ], 
    "0.10499999999999998": [
        0.5013452986120863, 
        5.0
    ]
}