{
    "0.07500000000000001": [
        0.5989665065210868, 
        2.0
    ], 
    "0.08499999999999999": [
        890.3750297327451, 
        13189.0
    ], 
    "0.095": [
        39993.72993817469, 
        465864.0
    ], 
    "0.10499999999999998": [
        101635.04312772841, 
        1050332.0
    ], 
    "0.11499999999999999": [
        39568.99445897831, 
        425008.0
    ], 
    "0.12499999999999997": [
        42881.436405697066, 
        238638.0
    ], 
    "0.13499999999999998": [
        124304.65692632447, 
        477675.0
    ], 
    "0.145": [
        150454.88129098204, 
        332115.0
    ], 
    "0.155": [
        180253.146180251, 
        352788.0
    ], 
    "0.165": [
        37855.37417828808, 
        72497.0
    ]
}