{
    "0.07500000000000001": [
        1.1400817707828659, 
        3.0
    ], 
    "0.08499999999999999": [
        1659.7115357207617, 
        35685.0
    ], 
    "0.095": [
        58978.40586462543, 
        985968.0
    ], 
    "0.10499999999999998": [
        149049.40605099188, 
        2129779.0
    ], 
    "0.11499999999999999": [
        69819.51560044453, 
        1000926.0
    ], 
    "0.12499999999999997": [
        79078.9410281749, 
        578566.0
    ], 
    "0.13499999999999998": [
        190232.56681020898, 
        1050885.0
    ], 
    "0.145": [
        189678.49074550945, 
        762475.0
    ], 
    "0.155": [
        214974.45922461123, 
        815094.0
    ], 
    "0.165": [
        60507.728201274476, 
        228432.0
    ], 
    "0.175": [
        14.694488330000066, 
        19.0
    ]
}