{
    "0.035": [
        [
            0.022609221016857757, 
            683.0
        ], 
        [
            0.01680637972366437, 
            660.0
        ], 
        [
            0.020564498840765753, 
            714.0
        ], 
        [
            0.03195654713960189, 
            649.0
        ], 
        [
            0.015150147274643882, 
            700.0
        ], 
        [
            0.03278545137798749, 
            709.0
        ], 
        [
            0.02081940853423167, 
            678.0
        ], 
        [
            0.024661784131338144, 
            687.0
        ], 
        [
            0.01870417596618453, 
            684.0
        ], 
        [
            0.023029444786278518, 
            688.0
        ]
    ], 
    "0.045": [
        [
            0.03799504570683994, 
            30671.0
        ], 
        [
            0.038464711376109205, 
            30875.0
        ], 
        [
            0.03619299609324844, 
            30981.0
        ], 
        [
            0.04048822927239519, 
            30934.0
        ], 
        [
            0.03879211636271659, 
            30718.0
        ], 
        [
            0.0387623006607384, 
            31120.0
        ], 
        [
            0.03771805856520543, 
            31123.0
        ], 
        [
            0.03832014856421356, 
            30732.0
        ], 
        [
            0.03887681148102908, 
            30958.0
        ], 
        [
            0.03896762102799751, 
            31021.0
        ]
    ], 
    "0.05500000000000001": [
        [
            0.06057881741290996, 
            203676.0
        ], 
        [
            0.06057203044047547, 
            204402.0
        ], 
        [
            0.06168632471861236, 
            204251.0
        ], 
        [
            0.06118485839777787, 
            203717.0
        ], 
        [
            0.0615692246822915, 
            204170.0
        ], 
        [
            0.06071543525121958, 
            203947.0
        ], 
        [
            0.06066755664008571, 
            203856.0
        ], 
        [
            0.06023781025722899, 
            204917.0
        ], 
        [
            0.060675699698216075, 
            204415.0
        ], 
        [
            0.061393971910881875, 
            204240.0
        ]
    ], 
    "0.065": [
        [
            0.10400309021680423, 
            177823.0
        ], 
        [
            0.10443117305226311, 
            177792.0
        ], 
        [
            0.1042774771101312, 
            177634.0
        ], 
        [
            0.10476673526505036, 
            178001.0
        ], 
        [
            0.10393048313735322, 
            177814.0
        ], 
        [
            0.10470334290541926, 
            177911.0
        ], 
        [
            0.10403149335530838, 
            178554.0
        ], 
        [
            0.10508845712055044, 
            178717.0
        ], 
        [
            0.104800843893102, 
            177775.0
        ], 
        [
            0.1044496077225709, 
            178803.0
        ]
    ], 
    "0.07500000000000001": [
        [
            0.27832175720860336, 
            136423.0
        ], 
        [
            0.2767134109044318, 
            136626.0
        ], 
        [
            0.2783041162960312, 
            136029.0
        ], 
        [
            0.276147554741006, 
            136857.0
        ], 
        [
            0.27531324170116694, 
            136207.0
        ], 
        [
            0.277849626637581, 
            136125.0
        ], 
        [
            0.27749620001597497, 
            136312.0
        ], 
        [
            0.2779832382361805, 
            135916.0
        ], 
        [
            0.2770272480280589, 
            136087.0
        ], 
        [
            0.27670820874016816, 
            136099.0
        ]
    ], 
    "0.08499999999999999": [
        [
            0.33070657018832983, 
            145652.0
        ], 
        [
            0.33192811580418635, 
            146576.0
        ], 
        [
            0.33211508245889104, 
            145159.0
        ], 
        [
            0.32912085832429305, 
            146033.0
        ], 
        [
            0.3301085055952885, 
            145406.0
        ], 
        [
            0.3320055836288026, 
            146181.0
        ], 
        [
            0.3317298077212159, 
            146109.0
        ], 
        [
            0.33214322996552303, 
            146116.0
        ], 
        [
            0.33045455460339873, 
            145007.0
        ], 
        [
            0.33166494337004526, 
            146606.0
        ]
    ], 
    "0.095": [
        [
            0.01852760224465728, 
            104024.0
        ], 
        [
            0.018558614113250053, 
            104038.0
        ], 
        [
            0.01885547384355941, 
            103813.0
        ], 
        [
            0.018698486856736377, 
            104479.0
        ], 
        [
            0.018685376692530797, 
            104375.0
        ], 
        [
            0.01826764035367803, 
            104077.0
        ], 
        [
            0.018696107094524725, 
            104078.0
        ], 
        [
            0.01890390570020217, 
            104225.0
        ], 
        [
            0.01806798658499028, 
            103768.0
        ], 
        [
            0.01883642438022194, 
            104206.0
        ]
    ], 
    "0.10499999999999998": [
        [
            6.39647155873861e-06, 
            213352.0
        ], 
        [
            6.1326052528936015e-06, 
            212797.0
        ], 
        [
            0.0, 
            214291.0
        ], 
        [
            0.0, 
            212647.0
        ], 
        [
            5.519262154370028e-06, 
            212619.0
        ], 
        [
            0.0, 
            212728.0
        ], 
        [
            0.0, 
            212224.0
        ], 
        [
            0.0, 
            213156.0
        ], 
        [
            5.189735023203653e-06, 
            213113.0
        ], 
        [
            5.81611128598073e-06, 
            212857.0
        ]
    ], 
    "0.11499999999999999": [
        [
            0.35628772113825513, 
            99659.0
        ], 
        [
            0.3559631007090607, 
            100305.0
        ], 
        [
            0.3576294346222279, 
            100516.0
        ], 
        [
            0.3551738831974689, 
            100238.0
        ], 
        [
            0.3562776965406264, 
            100429.0
        ], 
        [
            0.3560201164249255, 
            99553.0
        ], 
        [
            0.3548702445882109, 
            99894.0
        ], 
        [
            0.35670142932596477, 
            100197.0
        ], 
        [
            0.35671389412773075, 
            100417.0
        ], 
        [
            0.35710935587285036, 
            99718.0
        ]
    ], 
    "0.12499999999999997": [
        [
            0.5063395716828228, 
            57866.0
        ], 
        [
            0.5085598921201475, 
            57702.0
        ], 
        [
            0.5078757575542762, 
            57682.0
        ], 
        [
            0.5081792821136781, 
            57982.0
        ], 
        [
            0.5069790570746365, 
            57880.0
        ], 
        [
            0.5074239041479328, 
            57575.0
        ], 
        [
            0.5059583797579372, 
            57992.0
        ], 
        [
            0.5061566161911387, 
            58109.0
        ], 
        [
            0.5091176117244451, 
            57927.0
        ], 
        [
            0.5074320943511667, 
            57851.0
        ]
    ],