{
    "0.03 - 0.04": [
        -0.00292641643513868, 
        6852
    ], 
    "0.04 - 0.05": [
        -0.0039172967986922415, 
        309133
    ], 
    "0.05 - 0.06": [
        -0.005773608919287869, 
        2041591
    ], 
    "0.06 - 0.07": [
        -0.005170738399576774, 
        1780824
    ], 
    "0.07 - 0.08": [
        -0.006589083651405022, 
        1362678
    ], 
    "0.08 - 0.09": [
        -0.007310404147400849, 
        1423160
    ], 
    "0.09 - 0.1": [
        -0.0072061428214058535, 
        55115
    ], 
    "0.1 - 0.11": [
        0.09546322298039009, 
        5
    ]
}