{
    "0.07 - 0.08": [
        -0.2788976590374663, 
        3
    ], 
    "0.08 - 0.09": [
        -0.010088738160252997, 
        35685
    ], 
    "0.09 - 0.1": [
        -0.014668883187983576, 
        985968
    ], 
    "0.1 - 0.11": [
        -0.019035917574984875, 
        2129779
    ], 
    "0.11 - 0.12": [
        -0.01723243837629107, 
        1000926
    ], 
    "0.12 - 0.13": [
        -0.02422995525015442, 
        578566
    ], 
    "0.13 - 0.14": [
        -0.03896392464259997, 
        1050885
    ], 
    "0.14 - 0.15": [
        -0.06599208853072865, 
        762475
    ], 
    "0.15 - 0.16": [
        -0.0731140311813821, 
        815094
    ], 
    "0.16 - 0.17": [
        -0.07545660277123091, 
        228432
    ], 
    "0.17 - 0.18": [
        -0.02791797462635014, 
        19
    ]
}