{
    "0.03 - 0.04": [
        -0.004862110926360673, 
        5580
    ], 
    "0.04 - 0.05": [
        -0.003408230420340907, 
        184219
    ], 
    "0.05 - 0.06": [
        -0.005536209971136632, 
        978843
    ], 
    "0.06 - 0.07": [
        -0.0049977867676175595, 
        748044
    ], 
    "0.07 - 0.08": [
        -0.0069633456709655185, 
        796717
    ], 
    "0.08 - 0.09": [
        -0.005503103373531252, 
        793378
    ], 
    "0.09 - 0.1": [
        -0.008415799801554139, 
        20599
    ]
}