{
    "0.03 - 0.04": [
        -0.00014465494362066536, 
        5580
    ], 
    "0.04 - 0.05": [
        -0.0005199412999265428, 
        184219
    ], 
    "0.05 - 0.06": [
        -0.0010002458592320968, 
        978843
    ], 
    "0.06 - 0.07": [
        -0.0009181068860212978, 
        748044
    ], 
    "0.07 - 0.08": [
        2.5610441632466275e-05, 
        796717
    ], 
    "0.08 - 0.09": [
        0.0003501721365938831, 
        793378
    ], 
    "0.09 - 0.1": [
        0.0006161007335625342, 
        20599
    ]
}