{
    "0.03 - 0.04": [
        -0.000176902737300516, 
        6852
    ], 
    "0.04 - 0.05": [
        -0.0006119668800176624, 
        309133
    ], 
    "0.05 - 0.06": [
        -0.0010564192813758858, 
        2041591
    ], 
    "0.06 - 0.07": [
        -0.0008475583116434917, 
        1780824
    ], 
    "0.07 - 0.08": [
        -0.00017573795260115204, 
        1362678
    ], 
    "0.08 - 0.09": [
        0.00011729661569008074, 
        1423160
    ], 
    "0.09 - 0.1": [
        0.00036490807360125486, 
        55115
    ], 
    "0.1 - 0.11": [
        -7.763140052059956e-05, 
        5
    ]
}