{
    "0.07 - 0.08": [
        -0.0001499969750832419, 
        3
    ], 
    "0.08 - 0.09": [
        0.00046178951006137225, 
        35685
    ], 
    "0.09 - 0.1": [
        0.0003800981870519917, 
        985968
    ], 
    "0.1 - 0.11": [
        0.00025223615420619125, 
        2129779
    ], 
    "0.11 - 0.12": [
        0.0007005315295877978, 
        1000926
    ], 
    "0.12 - 0.13": [
        -0.005121360481212526, 
        578566
    ], 
    "0.13 - 0.14": [
        -0.006376376525090124, 
        1050885
    ], 
    "0.14 - 0.15": [
        -0.003601068394377034, 
        762475
    ], 
    "0.15 - 0.16": [
        -0.003547094497584069, 
        815094
    ], 
    "0.16 - 0.17": [
        -0.001426813328830134, 
        228432
    ], 
    "0.17 - 0.18": [
        0.0033248870103386465, 
        19
    ]
}