{
    "0.03 - 0.04": [
        -0.000176902737300516, 
        6852
    ], 
    "0.04 - 0.05": [
        -0.0006119668800176624, 
        309133
    ], 
    "0.05 - 0.06": [
        -0.0010564192813758858, 
        2041591
    ], 
    "0.06 - 0.07": [
        -0.0008475583116434917, 
        1780824
    ], 
    "0.07 - 0.08": [
        -0.0001757378959312986, 
        1362681
    ], 
    "0.08 - 0.09": [
        0.0001257233018257837, 
        1458845
    ], 
    "0.09 - 0.1": [
        0.00037929402148321643, 
        1041083
    ], 
    "0.1 - 0.11": [
        0.000252235379790676, 
        2129784
    ], 
    "0.11 - 0.12": [
        0.0007005315295877978, 
        1000926
    ], 
    "0.12 - 0.13": [
        -0.005121360481212526, 
        578566
    ], 
    "0.13 - 0.14": [
        -0.006376376525090124, 
        1050885
    ], 
    "0.14 - 0.15": [
        -0.003601068394377034, 
        762475
    ], 
    "0.15 - 0.16": [
        -0.003547094497584069, 
        815094
    ], 
    "0.16 - 0.17": [
        -0.001426813328830134, 
        228432
    ], 
    "0.17 - 0.18": [
        0.0033248870103386465, 
        19
    ]
}