{
    "0.03 - 0.04": [
        -0.00014465494362066536, 
        5580
    ], 
    "0.04 - 0.05": [
        -0.0005199412999265428, 
        184219
    ], 
    "0.05 - 0.06": [
        -0.0010002458592320968, 
        978843
    ], 
    "0.06 - 0.07": [
        -0.0009181068860212978, 
        748044
    ], 
    "0.07 - 0.08": [
        2.560825399079451e-05, 
        796719
    ], 
    "0.08 - 0.09": [
        0.000367300609385293, 
        806567
    ], 
    "0.09 - 0.1": [
        0.0016621357696431883, 
        486463
    ], 
    "0.1 - 0.11": [
        0.0014166560087977384, 
        1050332
    ], 
    "0.11 - 0.12": [
        0.0021564553362343896, 
        425008
    ], 
    "0.12 - 0.13": [
        0.0016941128492279861, 
        238638
    ], 
    "0.13 - 0.14": [
        -0.0025103897490950672, 
        477675
    ], 
    "0.14 - 0.15": [
        -0.004487917626970442, 
        332115
    ], 
    "0.15 - 0.16": [
        -0.006003258820834997, 
        352788
    ], 
    "0.16 - 0.17": [
        -0.004854031413336011, 
        72497
    ]
}