{
    "0.07 - 0.08": [
        -0.0008458574009116201, 
        2
    ], 
    "0.08 - 0.09": [
        0.0013976557148749607, 
        13189
    ], 
    "0.09 - 0.1": [
        0.001708388057238335, 
        465864
    ], 
    "0.1 - 0.11": [
        0.0014166560087977384, 
        1050332
    ], 
    "0.11 - 0.12": [
        0.0021564553362343896, 
        425008
    ], 
    "0.12 - 0.13": [
        0.0016941128492279861, 
        238638
    ], 
    "0.13 - 0.14": [
        -0.0025103897490950672, 
        477675
    ], 
    "0.14 - 0.15": [
        -0.004487917626970442, 
        332115
    ], 
    "0.15 - 0.16": [
        -0.006003258820834997, 
        352788
    ], 
    "0.16 - 0.17": [
        -0.004854031413336011, 
        72497
    ]
}