{
    "0.03 - 0.04": [
        -0.0034304172869183223, 
        5580.0
    ], 
    "0.04 - 0.05": [
        -0.0016868208545165733, 
        184219.0
    ], 
    "0.05 - 0.06": [
        -0.004727620870862292, 
        978843.0
    ], 
    "0.06 - 0.07": [
        -0.003992207358863053, 
        748044.0
    ], 
    "0.07 - 0.08": [
        -0.004569986620954415, 
        796717.0
    ], 
    "0.08 - 0.09": [
        -0.0061269301901308955, 
        793378.0
    ], 
    "0.09 - 0.1": [
        -0.005570210630268748, 
        20599.0
    ]
}