{
    "0.03 - 0.04": [
        -0.0007672812981459394, 
        6852.0
    ], 
    "0.04 - 0.05": [
        -0.0029376869101488076, 
        309133.0
    ], 
    "0.05 - 0.06": [
        -0.005222710911959713, 
        2041591.0
    ], 
    "0.06 - 0.07": [
        -0.004666743876125095, 
        1780824.0
    ], 
    "0.07 - 0.08": [
        -0.005841979819284739, 
        1362678.0
    ], 
    "0.08 - 0.09": [
        -0.007856060895582368, 
        1423160.0
    ], 
    "0.09 - 0.1": [
        -0.008762424090434246, 
        55115.0
    ], 
    "0.1 - 0.11": [
        0.02962856765795685, 
        5.0
    ]
}