{
    "0.03 - 0.04": [
        -0.0007672812981459394, 
        6852.0
    ], 
    "0.04 - 0.05": [
        -0.0029376869101488076, 
        309133.0
    ], 
    "0.05 - 0.06": [
        -0.005222710911959713, 
        2041591.0
    ], 
    "0.06 - 0.07": [
        -0.004666743876125095, 
        1780824.0
    ], 
    "0.07 - 0.08": [
        -0.0058426220882297954, 
        1362681.0
    ], 
    "0.08 - 0.09": [
        -0.00785466732039188, 
        1458845.0
    ], 
    "0.09 - 0.1": [
        -0.011907189280539595, 
        1041083.0
    ], 
    "0.1 - 0.11": [
        -0.018824819300788657, 
        2129784.0
    ], 
    "0.11 - 0.12": [
        -0.01653917049289935, 
        1000926.0
    ], 
    "0.12 - 0.13": [
        -0.0349766573777635, 
        578566.0
    ], 
    "0.13 - 0.14": [
        -0.04122782715893299, 
        1050885.0
    ], 
    "0.14 - 0.15": [
        -0.053272415787176376, 
        762475.0
    ], 
    "0.15 - 0.16": [
        -0.07304688082626573, 
        815094.0
    ], 
    "0.16 - 0.17": [
        -0.06585587875251492, 
        228432.0
    ], 
    "0.17 - 0.18": [
        0.0025018759871282387, 
        19.0
    ]
}