{
    "0.03 - 0.04": [
        -0.0043966552682818145, 
        5580
    ], 
    "0.04 - 0.05": [
        -0.0029423119697076458, 
        184219
    ], 
    "0.05 - 0.06": [
        -0.005297030319006032, 
        978843
    ], 
    "0.06 - 0.07": [
        -0.004511496395138521, 
        748044
    ], 
    "0.07 - 0.08": [
        -0.005769502577714198, 
        796719
    ], 
    "0.08 - 0.09": [
        -0.006863094615944621, 
        806567
    ], 
    "0.09 - 0.1": [
        -0.009770108848274044, 
        486463
    ], 
    "0.1 - 0.11": [
        -0.016288338188881507, 
        1050332
    ], 
    "0.11 - 0.12": [
        -0.014505842046108677, 
        425008
    ], 
    "0.12 - 0.13": [
        -0.033924629995606075, 
        238638
    ], 
    "0.13 - 0.14": [
        -0.058788926336340384, 
        477675
    ], 
    "0.14 - 0.15": [
        -0.10351477033668004, 
        332115
    ], 
    "0.15 - 0.16": [
        -0.14093003872236792, 
        352788
    ], 
    "0.16 - 0.17": [
        -0.12039345258673187, 
        72497
    ]
}