{
    "0.03 - 0.04": [
        0.0027725646853742967, 
        6852.0
    ], 
    "0.04 - 0.05": [
        0.003269764315846161, 
        309133.0
    ], 
    "0.05 - 0.06": [
        0.004701466281190918, 
        2041591.0
    ], 
    "0.06 - 0.07": [
        0.0034663505983634386, 
        1780824.0
    ], 
    "0.07 - 0.08": [
        0.004031125851751091, 
        1362681.0
    ], 
    "0.08 - 0.09": [
        0.003917384709310898, 
        1458845.0
    ], 
    "0.09 - 0.1": [
        0.00978817715415088, 
        1041083.0
    ], 
    "0.1 - 0.11": [
        0.013519949082602359, 
        2129784.0
    ], 
    "0.11 - 0.12": [
        0.009607278126963017, 
        1000926.0
    ], 
    "0.12 - 0.13": [
        0.011416544652493386, 
        578566.0
    ], 
    "0.13 - 0.14": [
        0.014395729664626841, 
        1050885.0
    ], 
    "0.14 - 0.15": [
        0.03064992310207026, 
        762475.0
    ], 
    "0.15 - 0.16": [
        0.02822855320515145, 
        815094.0
    ], 
    "0.16 - 0.17": [
        0.04922238227975188, 
        228432.0
    ], 
    "0.17 - 0.18": [
        -0.0055941201619493855, 
        19.0
    ]
}