{
    "0.07 - 0.08": [
        -0.21347871148577338, 
        2
    ], 
    "0.08 - 0.09": [
        -0.006938237955737547, 
        13189
    ], 
    "0.09 - 0.1": [
        -0.009951203772489437, 
        465864
    ], 
    "0.1 - 0.11": [
        -0.016288338188881507, 
        1050332
    ], 
    "0.11 - 0.12": [
        -0.014505842046108677, 
        425008
    ], 
    "0.12 - 0.13": [
        -0.033924629995606075, 
        238638
    ], 
    "0.13 - 0.14": [
        -0.058788926336340384, 
        477675
    ], 
    "0.14 - 0.15": [
        -0.10351477033668004, 
        332115
    ], 
    "0.15 - 0.16": [
        -0.14093003872236792, 
        352788
    ], 
    "0.16 - 0.17": [
        -0.12039345258673187, 
        72497
    ]
}