{
    "0.03 - 0.04": [
        -0.0034304172869183223, 
        5580.0
    ], 
    "0.04 - 0.05": [
        -0.0016868208545165733, 
        184219.0
    ], 
    "0.05 - 0.06": [
        -0.004727620870862292, 
        978843.0
    ], 
    "0.06 - 0.07": [
        -0.003992207358863053, 
        748044.0
    ], 
    "0.07 - 0.08": [
        -0.004570516878731808, 
        796719.0
    ], 
    "0.08 - 0.09": [
        -0.0061394591000774506, 
        806567.0
    ], 
    "0.09 - 0.1": [
        -0.009590898100215364, 
        486463.0
    ], 
    "0.1 - 0.11": [
        -0.01571125929925481, 
        1050332.0
    ], 
    "0.11 - 0.12": [
        -0.013820855625116923, 
        425008.0
    ], 
    "0.12 - 0.13": [
        -0.03026209307991707, 
        238638.0
    ], 
    "0.13 - 0.14": [
        -0.049266648096832524, 
        477675.0
    ], 
    "0.14 - 0.15": [
        -0.08559766990117249, 
        332115.0
    ], 
    "0.15 - 0.16": [
        -0.11381442157141185, 
        352788.0
    ], 
    "0.16 - 0.17": [
        -0.08725625817406744, 
        72497.0
    ]
}