{
    "0.07 - 0.08": [
        -0.21052904760499258, 
        2.0
    ], 
    "0.08 - 0.09": [
        -0.005827437668469125, 
        13189.0
    ], 
    "0.09 - 0.1": [
        -0.008894151263488541, 
        465864.0
    ], 
    "0.1 - 0.11": [
        -0.015741678494864856, 
        1050332.0
    ], 
    "0.11 - 0.12": [
        -0.01356813761587734, 
        425008.0
    ], 
    "0.12 - 0.13": [
        -0.033116812441190094, 
        238638.0
    ], 
    "0.13 - 0.14": [
        -0.04982766557192329, 
        477675.0
    ], 
    "0.14 - 0.15": [
        -0.09104963152164068, 
        332115.0
    ], 
    "0.15 - 0.16": [
        -0.1296547411566101, 
        352788.0
    ], 
    "0.16 - 0.17": [
        -0.10297473326005155, 
        72497.0
    ]
}