{
    "0.03 - 0.04": [
        -0.0043966552682818145, 
        5580
    ], 
    "0.04 - 0.05": [
        -0.0029423119697076458, 
        184219
    ], 
    "0.05 - 0.06": [
        -0.005297030319006032, 
        978843
    ], 
    "0.06 - 0.07": [
        -0.004511496395138521, 
        748044
    ], 
    "0.07 - 0.08": [
        -0.005768981164944274, 
        796717
    ], 
    "0.08 - 0.09": [
        -0.0068618454440385074, 
        793378
    ], 
    "0.09 - 0.1": [
        -0.005674492275883136, 
        20599
    ]
}