{
    "0.03 - 0.04": [
        -0.00292641643513868, 
        6852
    ], 
    "0.04 - 0.05": [
        -0.0039172967986922415, 
        309133
    ], 
    "0.05 - 0.06": [
        -0.005773608919287869, 
        2041591
    ], 
    "0.06 - 0.07": [
        -0.005170738399576774, 
        1780824
    ], 
    "0.07 - 0.08": [
        -0.006589683150279783, 
        1362681
    ], 
    "0.08 - 0.09": [
        -0.007378365342214985, 
        1458845
    ], 
    "0.09 - 0.1": [
        -0.014273805240015995, 
        1041083
    ], 
    "0.1 - 0.11": [
        -0.019035648770400575, 
        2129784
    ], 
    "0.11 - 0.12": [
        -0.01723243837629107, 
        1000926
    ], 
    "0.12 - 0.13": [
        -0.02422995525015442, 
        578566
    ], 
    "0.13 - 0.14": [
        -0.03896392464259997, 
        1050885
    ], 
    "0.14 - 0.14": [
        -1.0341843742912524, 
        1
    ], 
    "no group": [
        -0.07040253993762532, 
        1806019
    ]
}