{
    "0.03 - 0.04": [
        -0.0020031353946563845, 
        5580.0
    ], 
    "0.04 - 0.05": [
        -0.0006113086201679284, 
        184219.0
    ], 
    "0.05 - 0.06": [
        -0.004052963367491718, 
        978843.0
    ], 
    "0.06 - 0.07": [
        -0.002816804561379859, 
        748044.0
    ], 
    "0.07 - 0.08": [
        -0.004024308973581685, 
        796717.0
    ], 
    "0.08 - 0.09": [
        -0.006233387591154385, 
        793378.0
    ], 
    "0.09 - 0.1": [
        -0.004999070422590364, 
        20599.0
    ]
}