{
    "0.07 - 0.08": [
        -0.29757787592541846, 
        3.0
    ], 
    "0.08 - 0.09": [
        -0.007799089893795425, 
        35685.0
    ], 
    "0.09 - 0.1": [
        -0.01208297970523153, 
        985968.0
    ], 
    "0.1 - 0.11": [
        -0.018824933052936085, 
        2129779.0
    ], 
    "0.11 - 0.12": [
        -0.01653917049289935, 
        1000926.0
    ], 
    "0.12 - 0.13": [
        -0.0349766573777635, 
        578566.0
    ], 
    "0.13 - 0.14": [
        -0.04122782715893299, 
        1050885.0
    ], 
    "0.14 - 0.15": [
        -0.053272415787176376, 
        762475.0
    ], 
    "0.15 - 0.16": [
        -0.07304688082626573, 
        815094.0
    ], 
    "0.16 - 0.17": [
        -0.06585587875251492, 
        228432.0
    ], 
    "0.17 - 0.18": [
        0.0025018759871282387, 
        19.0
    ]
}