{
    "0.07 - 0.08": [
        -0.29658748313332367, 
        3.0
    ], 
    "0.08 - 0.09": [
        -0.00827810070182195, 
        35685.0
    ], 
    "0.09 - 0.1": [
        -0.012421494252168246, 
        985968.0
    ], 
    "0.1 - 0.11": [
        -0.018784417912238872, 
        2129779.0
    ], 
    "0.11 - 0.12": [
        -0.016778326156419596, 
        1000926.0
    ], 
    "0.12 - 0.13": [
        -0.02943464313277082, 
        578566.0
    ], 
    "0.13 - 0.14": [
        -0.040750537559557834, 
        1050885.0
    ], 
    "0.14 - 0.15": [
        -0.05780367470326684, 
        762475.0
    ], 
    "0.15 - 0.16": [
        -0.07302003965214708, 
        815094.0
    ], 
    "0.16 - 0.17": [
        -0.0651191431429685, 
        228432.0
    ], 
    "0.17 - 0.18": [
        -0.012021475724776432, 
        19.0
    ]
}