{
    "0.07 - 0.08": [
        -0.2788976590374663, 
        3
    ], 
    "0.08 - 0.09": [
        -0.010088738160252997, 
        35685
    ], 
    "0.09 - 0.1": [
        -0.014668883187983576, 
        985968
    ], 
    "0.1 - 0.11": [
        -0.019035917574984875, 
        2129779
    ], 
    "0.11 - 0.12": [
        -0.01723243837629107, 
        1000926
    ], 
    "0.12 - 0.13": [
        -0.02422995525015442, 
        578566
    ], 
    "0.13 - 0.14": [
        -0.03896392464259997, 
        1050885
    ], 
    "0.14 - 0.14": [
        -1.0341843742912524, 
        1
    ], 
    "no group": [
        -0.07040253993762532, 
        1806019
    ]
}