{
    "0.03 - 0.04": [
        -0.0022995565715339043, 
        6852.0
    ], 
    "0.04 - 0.05": [
        -0.003401452908870084, 
        309133.0
    ], 
    "0.05 - 0.06": [
        -0.0053779651566855215, 
        2041591.0
    ], 
    "0.06 - 0.07": [
        -0.004843648440281985, 
        1780824.0
    ], 
    "0.07 - 0.08": [
        -0.005880011492116346, 
        1362678.0
    ], 
    "0.08 - 0.09": [
        -0.007803940136381984, 
        1423160.0
    ], 
    "0.09 - 0.1": [
        -0.008703075067672775, 
        55115.0
    ], 
    "0.1 - 0.11": [
        0.039095252880604184, 
        5.0
    ]
}