{
    "0.03 - 0.04": [
        -0.0020031353946563845, 
        5580.0
    ], 
    "0.04 - 0.05": [
        -0.0006113086201679284, 
        184219.0
    ], 
    "0.05 - 0.06": [
        -0.004052963367491718, 
        978843.0
    ], 
    "0.06 - 0.07": [
        -0.002816804561379859, 
        748044.0
    ], 
    "0.07 - 0.08": [
        -0.004024827361466576, 
        796719.0
    ], 
    "0.08 - 0.09": [
        -0.006226749489756366, 
        806567.0
    ], 
    "0.09 - 0.1": [
        -0.008729216273074757, 
        486463.0
    ], 
    "0.1 - 0.11": [
        -0.015741678494864856, 
        1050332.0
    ], 
    "0.11 - 0.12": [
        -0.01356813761587734, 
        425008.0
    ], 
    "0.12 - 0.13": [
        -0.033116812441190094, 
        238638.0
    ], 
    "0.13 - 0.14": [
        -0.04982766557192329, 
        477675.0
    ], 
    "0.14 - 0.15": [
        -0.09104963152164068, 
        332115.0
    ], 
    "0.15 - 0.16": [
        -0.1296547411566101, 
        352788.0
    ], 
    "0.16 - 0.17": [
        -0.10297473326005155, 
        72497.0
    ]
}