{
    "0.07 - 0.08": [
        -0.21580320969395206, 
        2.0
    ], 
    "0.08 - 0.09": [
        -0.0068931296979679365, 
        13189.0
    ], 
    "0.09 - 0.1": [
        -0.009768679901757083, 
        465864.0
    ], 
    "0.1 - 0.11": [
        -0.01571125929925481, 
        1050332.0
    ], 
    "0.11 - 0.12": [
        -0.013820855625116923, 
        425008.0
    ], 
    "0.12 - 0.13": [
        -0.03026209307991707, 
        238638.0
    ], 
    "0.13 - 0.14": [
        -0.049266648096832524, 
        477675.0
    ], 
    "0.14 - 0.15": [
        -0.08559766990117249, 
        332115.0
    ], 
    "0.15 - 0.16": [
        -0.11381442157141185, 
        352788.0
    ], 
    "0.16 - 0.17": [
        -0.08725625817406744, 
        72497.0
    ]
}