{
    "0.03 - 0.04": [
        [
            -0.039681241855462894, 
            0.042801502644292444, 
            -0.16102504280781452
        ], 
        5580
    ], 
    "0.04 - 0.05": [
        [
            -0.03731480235154562, 
            0.06407056056337429, 
            -0.13133189905495657
        ], 
        184219
    ], 
    "0.05 - 0.06": [
        [
            -0.055164627553092344, 
            0.080356103140822, 
            -0.14068135694655334
        ], 
        978843
    ], 
    "0.06 - 0.07": [
        [
            -0.11204134429288999, 
            0.0709111466249, 
            -0.13013342300085784
        ], 
        748044
    ], 
    "0.07 - 0.08": [
        [
            -0.15935008390907043, 
            0.09449544187891495, 
            -0.1309116195243472
        ], 
        796717
    ], 
    "0.08 - 0.09": [
        [
            -0.1899381929193254, 
            0.11126329171149636, 
            -0.11920516789573804
        ], 
        806567
    ], 
    "0.09 - 0.1": [
        [
            -0.2309720901231876, 
            0.1206382001821712, 
            -0.07381680986556559
        ], 
        486463
    ]
}