{
 "no group": [
  [
   -0.9088252599855756, 
   0.06550229119101, 
   -0.061516493402983714
  ], 
  179571
 ], 
 "0.04 - 0.05": [
  [
   -0.03845761525951892, 
   0.04600758531965234, 
   -0.12992263375674828
  ], 
  309133
 ], 
 "0.03 - 0.04": [
  [
   -0.022694580708632908, 
   0.02303942011967917, 
   -0.16752203169657376
  ], 
  6852
 ], 
 "0.06 - 0.07": [
  [
   -0.10444847739055553, 
   0.04807284046138126, 
   -0.11400334426530426
  ], 
  1780824
 ], 
 "0.09 - 0.1": [
  [
   -0.2086120184682236, 
   0.07818516147939521, 
   -0.07274391787431216
  ], 
  155111
 ], 
 "0.05 - 0.06": [
  [
   -0.06092798652333384, 
   0.05348500113635895, 
   -0.12600545950771327
  ], 
  2041591
 ], 
 "0.07 - 0.08": [
  [
   -0.13859316458603996, 
   0.07057085902829194, 
   -0.10166357067048308
  ], 
  1362678
 ], 
 "0.08 - 0.09": [
  [
   -0.16968361802600004, 
   0.07719855631392887, 
   -0.09565046117763787
  ], 
  1426498
 ]
}