{
 "no group": [
  [
   -0.9088333379418698, 
   0.06549871708152355, 
   -0.06150381203494641
  ], 
  179566
 ], 
 "0.1 - 0.11": [
  [
   -0.3050025477033069, 
   0.09260539521921766, 
   -0.0526345616149885
  ], 
  212891
 ], 
 "0.13 - 0.14": [
  [
   -0.6127903117857875, 
   0.09592474504886749, 
   -0.054605107999927245
  ], 
  104954
 ], 
 "0.09 - 0.1": [
  [
   -0.22671652372961734, 
   0.07528430981069506, 
   -0.06678837031669321
  ], 
  99996
 ], 
 "0.12 - 0.13": [
  [
   -0.5132014033061352, 
   0.09514784519118526, 
   -0.06485734917775005
  ], 
  57158
 ], 
 "0.08 - 0.09": [
  [
   -0.14062380678448155, 
   0.08314498273424964, 
   -0.09514603726245655
  ], 
  3338
 ], 
 "0.11 - 0.12": [
  [
   -0.3547773075880374, 
   0.099767293542343, 
   -0.0519793279295969
  ], 
  97457
 ]
}