{
    "0.03 - 0.04": [
        -0.004862110926360673, 
        5580
    ], 
    "0.04 - 0.05": [
        -0.003408230420340907, 
        184219
    ], 
    "0.05 - 0.06": [
        -0.005536209971136632, 
        978843
    ], 
    "0.06 - 0.07": [
        -0.0049977867676175595, 
        748044
    ], 
    "0.07 - 0.08": [
        -0.006963895418760368, 
        796719
    ], 
    "0.08 - 0.09": [
        -0.00558558509599736, 
        806567
    ], 
    "0.09 - 0.1": [
        -0.013922355398638795, 
        486463
    ], 
    "0.1 - 0.11": [
        -0.015203738634648701, 
        1050332
    ], 
    "0.11 - 0.12": [
        -0.01538193496158313, 
        425008
    ], 
    "0.12 - 0.13": [
        -0.032218872648551694, 
        238638
    ], 
    "0.13 - 0.14": [
        -0.055724823324367505, 
        477675
    ], 
    "0.14 - 0.15": [
        -0.10923648827854388, 
        332115
    ], 
    "0.15 - 0.16": [
        -0.12959666612436993, 
        352788
    ], 
    "0.16 - 0.17": [
        -0.1536702887685281, 
        72497
    ]
}