{
    "0.07 - 0.08": [
        -0.2259606023531043, 
        2
    ], 
    "0.08 - 0.09": [
        -0.01054723374310603, 
        13189
    ], 
    "0.09 - 0.1": [
        -0.014165837485136886, 
        465864
    ], 
    "0.1 - 0.11": [
        -0.015203738634648701, 
        1050332
    ], 
    "0.11 - 0.12": [
        -0.01538193496158313, 
        425008
    ], 
    "0.12 - 0.13": [
        -0.032218872648551694, 
        238638
    ], 
    "0.13 - 0.14": [
        -0.055724823324367505, 
        477675
    ], 
    "0.14 - 0.15": [
        -0.10923648827854388, 
        332115
    ], 
    "0.15 - 0.16": [
        -0.12959666612436993, 
        352788
    ], 
    "0.16 - 0.17": [
        -0.1536702887685281, 
        72497
    ]
}