{
    "0.08 - 0.09": [
        [
            -0.1572026281504713, 
            0.09656158327179126, 
            -0.07898699979311304
        ], 
        13189
    ], 
    "0.09 - 0.1": [
        [
            -0.2328861820177807, 
            0.12145196357231738, 
            -0.0732142700665251
        ], 
        465864
    ], 
    "0.1 - 0.11": [
        [
            -0.31601464879657376, 
            0.15987929585125552, 
            -0.06719875457250679
        ], 
        1050332
    ], 
    "0.11 - 0.12": [
        [
            -0.37613491822259215, 
            0.1564648127123022, 
            -0.06656792672617357
        ], 
        424989
    ], 
    "0.12 - 0.13": [
        [
            -0.5339949017828349, 
            0.17771333908902298, 
            -0.057227356777510036
        ], 
        237939
    ], 
    "0.13 - 0.14": [
        [
            -0.6602971460402418, 
            0.2014104233282316, 
            -0.04752023464891064
        ], 
        458365
    ], 
    "no group": [
        [
            -0.6378606906594775, 
            0.39886008131162126, 
            -0.04821691740390193
        ], 
        80954
    ]
}