{
    "0.03 - 0.04": [
        [
            -0.022694580708632908, 
            0.02303942011967917, 
            -0.16752203169657376
        ], 
        6852
    ], 
    "0.04 - 0.05": [
        [
            -0.03845761525951892, 
            0.04600758531965234, 
            -0.12992263375674828
        ], 
        309133
    ], 
    "0.05 - 0.06": [
        [
            -0.06092798652333384, 
            0.05348500113635895, 
            -0.12600545950771327
        ], 
        2041591
    ], 
    "0.06 - 0.07": [
        [
            -0.10444847739055553, 
            0.04807284046138126, 
            -0.11400334426530426
        ], 
        1780824
    ], 
    "0.07 - 0.08": [
        [
            -0.13859316458603996, 
            0.07057085902829194, 
            -0.10166357067048308
        ], 
        1362678
    ], 
    "0.08 - 0.09": [
        [
            -0.16922747330210614, 
            0.07713116815530204, 
            -0.09532313838968731
        ], 
        1458845
    ], 
    "0.09 - 0.1": [
        [
            -2.905746417069662, 
            0.9474418894086047, 
            -0.586270569781595
        ], 
        1041076
    ], 
    "no group": [
        [
            -0.2080125000000001, 
            0.33069999999999855, 
            -0.14627083333333357
        ], 
        8
    ]
}