{
    "0.08 - 0.09": [
        [
            -0.14831760710675587, 
            0.07499988160800375, 
            -0.082221934356379
        ], 
        35685
    ], 
    "0.09 - 0.1": [
        [
            -3.0583517843073484, 
            0.995738942736632, 
            -0.6143725844518488
        ], 
        985961
    ], 
    "0.1 - 0.11": [
        [
            -0.3053984588344802, 
            0.09495156112655245, 
            -0.05282197799323489
        ], 
        2129629
    ], 
    "0.11 - 0.12": [
        [
            -0.35502581269628836, 
            0.10104700223266379, 
            -0.05502474849291304
        ], 
        989009
    ], 
    "0.12 - 0.13": [
        [
            -0.3199493489424379, 
            0.25598462654909876, 
            -0.06628603131390111
        ], 
        72311
    ], 
    "0.13 - 0.14": [
        [
            -0.2982808912467552, 
            0.31865364101241567, 
            -0.0765734674052229
        ], 
        21600
    ], 
    "0.14 - 0.15": [
        [
            -0.23457646735751697, 
            0.3033204731090874, 
            -0.0486973534194928
        ], 
        2744
    ], 
    "no group": [
        [
            0.47649999999999987, 
            0.5587666666666661, 
            0.4715194444444443
        ], 
        3
    ]
}