{
 "no group": [
  [
   -1.2034651689277234, 
   0.10619975979832266, 
   0.20956052412508555
  ], 
  37809
 ], 
 "0.1 - 0.11": [
  [
   -0.34528602797040925, 
   0.18332018173453998, 
   0.15138494757262716
  ], 
  60660
 ], 
 "0.13 - 0.14": [
  [
   -0.6389778209554208, 
   0.19116773846870866, 
   0.1668518147392178
  ], 
  19626
 ], 
 "0.09 - 0.1": [
  [
   -0.28480811494069636, 
   0.12165213092884879, 
   0.10550142964203314
  ], 
  23597
 ], 
 "0.12 - 0.13": [
  [
   -0.5281863443484964, 
   0.1873981081983822, 
   0.12930567896934092
  ], 
  8401
 ], 
 "0.08 - 0.09": [
  [
   -0.1919902477407498, 
   0.10048186783108262, 
   0.16369257836078843
  ], 
  790
 ], 
 "0.11 - 0.12": [
  [
   -0.38285183975725684, 
   0.1859235466980902, 
   0.17430368938434937
  ], 
  34161
 ]
}