{
    "0.03 - 0.04": [
        [
            0.053100000000000085, 
            -0.1433499999999995, 
            -0.42783928571428304
        ], 
        1
    ], 
    "0.04 - 0.05": [
        [
            -0.05845972712680684, 
            0.03753829855537643, 
            0.10227859502281748
        ], 
        445
    ], 
    "0.05 - 0.06": [
        [
            -0.09892985864850057, 
            0.0423937341027806, 
            0.054204137583265706
        ], 
        17575
    ], 
    "0.06 - 0.07": [
        [
            -0.16076536275972464, 
            0.041981698755890404, 
            0.04235580182406743
        ], 
        61318
    ], 
    "0.07 - 0.08": [
        [
            -0.15846072432751127, 
            0.07526564845164198, 
            0.036688119817625056
        ], 
        52866
    ], 
    "0.08 - 0.09": [
        [
            -0.1692760071368845, 
            0.08855984519972668, 
            0.05243378077523191
        ], 
        96442
    ], 
    "0.09 - 0.1": [
        [
            -0.1465831610911413, 
            0.08517141543056451, 
            0.09932891685666485
        ], 
        4722
    ]
}