{
    "0.08 - 0.09": [
        [
            -0.9425523456135636, 
            77.0
        ], 
        [
            -2.319347475832744, 
            76.0
        ], 
        [
            3.3203934712755534, 
            68.0
        ], 
        [
            -2.2690345368920837, 
            78.0
        ], 
        [
            6.691733608336707, 
            94.0
        ], 
        [
            3.1114965986392207, 
            75.0
        ], 
        [
            -1.0535761217285777, 
            81.0
        ], 
        [
            -0.9796626984131254, 
            72.0
        ], 
        [
            -2.7844387755106728, 
            88.0
        ], 
        [
            2.3607161470000464, 
            81.0
        ]
    ], 
    "0.09 - 0.1": [
        [
            1.9977861972434539, 
            2407.0
        ], 
        [
            2.2774890496404048, 
            2403.0
        ], 
        [
            1.281661745915659, 
            2378.0
        ], 
        [
            1.5076298442737543, 
            2392.0
        ], 
        [
            1.7634058212993937, 
            2308.0
        ], 
        [
            2.145509697192856, 
            2333.0
        ], 
        [
            1.5253356966565108, 
            2363.0
        ], 
        [
            0.9722264338879772, 
            2376.0
        ], 
        [
            1.852699230146677, 
            2368.0
        ], 
        [
            1.821980206360727, 
            2269.0
        ]
    ], 
    "0.1 - 0.11": [
        [
            3.7839243500108397, 
            6039.0
        ], 
        [
            3.1793000025415368, 
            6073.0
        ], 
        [
            2.995317120503956, 
            6125.0
        ], 
        [
            3.246680830547882, 
            6108.0
        ], 
        [
            2.911708213634746, 
            6076.0
        ], 
        [
            3.3886085434747035, 
            6099.0
        ], 
        [
            3.0486775929920897, 
            6005.0
        ], 
        [
            3.427465206736682, 
            6149.0
        ], 
        [
            3.0312789099622472, 
            5906.0
        ], 
        [
            2.774616504563163, 
            6080.0
        ]
    ], 
    "0.11 - 0.12": [
        [
            2.5100757953064585, 
            3486.0
        ], 
        [
            2.902580814568786, 
            3354.0
        ], 
        [
            3.6461573571156176, 
            3485.0
        ], 
        [
            2.9042267340240664, 
            3344.0
        ], 
        [
            3.213102405392308, 
            3457.0
        ], 
        [
            4.1836892115956195, 
            3365.0
        ], 
        [
            3.7016203259119527, 
            3393.0
        ], 
        [
            3.2303481045943645, 
            3423.0
        ], 
        [
            3.222626146322805, 
            3446.0
        ], 
        [
            3.204887425828883, 
            3408.0
        ]
    ], 
    "0.12 - 0.13": [
        [
            3.0404279892627253, 
            841.0
        ], 
        [
            1.4423669598160558, 
            815.0
        ], 
        [
            1.766913437526081, 
            851.0
        ], 
        [
            2.200646807660378, 
            854.0
        ], 
        [
            3.796440712475521, 
            817.0
        ], 
        [
            1.9414958170583496, 
            869.0
        ], 
        [
            2.988189804823895, 
            854.0
        ], 
        [
            1.5817512182105864, 
            865.0
        ], 
        [
            2.4552356639096833, 
            820.0
        ], 
        [
            1.5500767315273896, 
            815.0
        ]
    ], 
    "0.13 - 0.14": [
        [
            2.0662749287197677, 
            1947.0
        ], 
        [
            2.1122285662337497, 
            2051.0
        ], 
        [
            2.077771582868196, 
            1907.0
        ], 
        [
            2.918855019848727, 
            1985.0
        ], 
        [
            2.2937041369471887, 
            1988.0
        ], 
        [
            2.10130311436178, 
            1969.0
        ], 
        [
            2.2781323791811134, 
            1873.0
        ], 
        [
            2.2052163210104743, 
            2030.0
        ], 
        [
            2.242586770582724, 
            1909.0
        ], 
        [
            2.3711632238103957, 
            1967.0
        ]
    ], 
    "0.14 - 0.15": [
        [
            2.166835580383697, 
            1381.0
        ], 
        [
            1.4756080965230975, 
            1361.0
        ], 
        [
            1.7824236750165405, 
            1403.0
        ], 
        [
            0.34360541267519595, 
            1427.0
        ], 
        [
            2.503767452744889, 
            1419.0
        ], 
        [
            0.5565067820781908, 
            1426.0
        ], 
        [
            0.48795199477800194, 
            1392.0
        ], 
        [
            0.8948317239565048, 
            1341.0
        ], 
        [
            0.9786286679546774, 
            1465.0
        ], 
        [
            2.02347114572336, 
            1412.0
        ]
    ], 
    "0.15 - 0.16": [
        [
            2.2655485729281737, 
            1995.0
        ], 
        [
            1.9042200389389639, 
            1966.0
        ], 
        [
            2.755252232045197, 
            1986.0
        ], 
        [
            2.3628892299296145, 
            1930.0
        ], 
        [
            2.549495881384582, 
            1938.0
        ], 
        [
            1.4984045056039912, 
            1922.0
        ], 
        [
            2.2141597847487287, 
            1947.0
        ], 
        [
            3.7814581101141105, 
            2034.0
        ], 
        [
            1.1467923917211655, 
            1914.0
        ], 
        [
            0.6918469247166855, 
            2027.0
        ]
    ], 
    "0.16 - 0.17": [
        [
            -1.7455355149763896, 
            397.0
        ], 
        [
            0.05185333356459165, 
            401.0
        ], 
        [
            -1.7935452827733862, 
            401.0
        ], 
        [
            0.16653258243381167, 
            427.0
        ], 
        [
            4.1507778593310585, 
            410.0
        ], 
        [
            -1.8912754627930506, 
            397.0
        ], 
        [
            1.3079644467828608, 
            451.0
        ], 
        [
            0.5032022001211416, 
            410.0
        ], 
        [
            3.469424845396669, 
            437.0
        ], 
        [
            0.5458147186080112, 
            392.0
        ]
    ]
}