{
    "0.07 - 0.08": [
        [
            0.0, 
            0.0
        ], 
        [
            0.0, 
            0.0
        ], 
        [
            0.0, 
            0.0
        ], 
        [
            0.0, 
            0.0
        ], 
        [
            0.0, 
            0.0
        ], 
        [
            0.0, 
            0.0
        ], 
        [
            24.178571428571445, 
            2.0
        ], 
        [
            30.42857142857136, 
            1.0
        ], 
        [
            0.0, 
            0.0
        ], 
        [
            0.0, 
            0.0
        ]
    ], 
    "0.08 - 0.09": [
        [
            0.25796992211078906, 
            3596.0
        ], 
        [
            0.41547108046521264, 
            3541.0
        ], 
        [
            -0.3255058070538531, 
            3538.0
        ], 
        [
            0.02438804986748843, 
            3601.0
        ], 
        [
            -0.09416721003529371, 
            3589.0
        ], 
        [
            0.39327521734444243, 
            3574.0
        ], 
        [
            -0.10453893211530742, 
            3548.0
        ], 
        [
            0.021223906792628013, 
            3589.0
        ], 
        [
            0.12083277474337058, 
            3536.0
        ], 
        [
            -0.20263443996208108, 
            3573.0
        ]
    ], 
    "0.09 - 0.1": [
        [
            0.5137476139032151, 
            98841.0
        ], 
        [
            0.5027257482646322, 
            98676.0
        ], 
        [
            0.42482555620885476, 
            98134.0
        ], 
        [
            0.4638425086077274, 
            98671.0
        ], 
        [
            0.4932707099389486, 
            98395.0
        ], 
        [
            0.4765833381925245, 
            98976.0
        ], 
        [
            0.5074002923221819, 
            98880.0
        ], 
        [
            0.49829168173714605, 
            98375.0
        ], 
        [
            0.4261254982053201, 
            98529.0
        ], 
        [
            0.4152831105362838, 
            98491.0
        ]
    ], 
    "0.1 - 0.11": [
        [
            1.1968883440492375, 
            212829.0
        ], 
        [
            1.2074352521839082, 
            212806.0
        ], 
        [
            1.170119162571831, 
            213185.0
        ], 
        [
            1.207625652405004, 
            213225.0
        ], 
        [
            1.2254388345130849, 
            213352.0
        ], 
        [
            1.216489951462881, 
            212918.0
        ], 
        [
            1.2063320489249698, 
            212707.0
        ], 
        [
            1.1889146316617465, 
            212859.0
        ], 
        [
            1.2251640058984674, 
            212871.0
        ], 
        [
            1.2682235033520695, 
            213027.0
        ]
    ], 
    "0.11 - 0.12": [
        [
            1.2376674057497836, 
            100099.0
        ], 
        [
            1.2573263812222133, 
            99664.0
        ], 
        [
            1.2923055177444225, 
            99713.0
        ], 
        [
            1.256264063232313, 
            100129.0
        ], 
        [
            1.2751743690294595, 
            100441.0
        ], 
        [
            1.2683622619219994, 
            100585.0
        ], 
        [
            1.2604825766208414, 
            100273.0
        ], 
        [
            1.2408406451190483, 
            100291.0
        ], 
        [
            1.1986850395790465, 
            100204.0
        ], 
        [
            1.2876863459979004, 
            99527.0
        ]
    ], 
    "0.12 - 0.13": [
        [
            0.9114274481677989, 
            57846.0
        ], 
        [
            0.8453977174905777, 
            57804.0
        ], 
        [
            0.6916790316147292, 
            57976.0
        ], 
        [
            0.7136157137688948, 
            57990.0
        ], 
        [
            0.8047657699821077, 
            58142.0
        ], 
        [
            0.6915398921463373, 
            57656.0
        ], 
        [
            0.8919119464478851, 
            57647.0
        ], 
        [
            0.7682184852351555, 
            57632.0
        ], 
        [
            0.6951504024900416, 
            57731.0
        ], 
        [
            0.7753643933794557, 
            58142.0
        ]
    ], 
    "0.13 - 0.14": [
        [
            0.6163097978554963, 
            105478.0
        ], 
        [
            0.6753625369488462, 
            105031.0
        ], 
        [
            0.6191825319419005, 
            105380.0
        ], 
        [
            0.6863314784292216, 
            104989.0
        ], 
        [
            0.6489294622032469, 
            104974.0
        ], 
        [
            0.6031886183296213, 
            105156.0
        ], 
        [
            0.5808861639438109, 
            104547.0
        ], 
        [
            0.6470264571488458, 
            105184.0
        ], 
        [
            0.6378887026390611, 
            105314.0
        ], 
        [
            0.6449664287141607, 
            104832.0
        ]
    ], 
    "0.14 - 0.15": [
        [
            0.4031266017514293, 
            75994.0
        ], 
        [
            0.4514375428631016, 
            76212.0
        ], 
        [
            0.4034587565137739, 
            76500.0
        ], 
        [
            0.45559938189667665, 
            75984.0
        ], 
        [
            0.5224506339216082, 
            76306.0
        ], 
        [
            0.44374890990824817, 
            76710.0
        ], 
        [
            0.4615055179978059, 
            76072.0
        ], 
        [
            0.45047832894988415, 
            76548.0
        ], 
        [
            0.45728125958295457, 
            76057.0
        ], 
        [
            0.384801495803568, 
            76092.0
        ]
    ], 
    "0.15 - 0.16": [
        [
            0.48478627400020746, 
            81523.0
        ], 
        [
            0.420304828144506, 
            81659.0
        ], 
        [
            0.35247080423560456, 
            81492.0
        ], 
        [
            0.4740340992959987, 
            81725.0
        ], 
        [
            0.2771929129676608, 
            81196.0
        ], 
        [
            0.4334306547438493, 
            81629.0
        ], 
        [
            0.3544167431126225, 
            81431.0
        ], 
        [
            0.5010065034848062, 
            81208.0
        ], 
        [
            0.30754534805804856, 
            81203.0
        ], 
        [
            0.46802496467101035, 
            82028.0
        ]
    ], 
    "0.16 - 0.17": [
        [
            0.5561431856364195, 
            22884.0
        ], 
        [
            0.3723232720936097, 
            22612.0
        ], 
        [
            0.32006113116351054, 
            22710.0
        ], 
        [
            0.4596558565427243, 
            22919.0
        ], 
        [
            0.3303015064192702, 
            22732.0
        ], 
        [
            0.2741411309805057, 
            22979.0
        ], 
        [
            0.3160525761918809, 
            23088.0
        ], 
        [
            0.29702183853014325, 
            22940.0
        ], 
        [
            0.10886927026270898, 
            22809.0
        ], 
        [
            0.5562599680683554, 
            22759.0
        ]
    ],