{
    "0.03 - 0.04": [
        [
            -0.9642857142859538, 
            1.0
        ], 
        [
            1.3571428571432511, 
            1.0
        ], 
        [
            0.0, 
            0.0
        ], 
        [
            -2.9285714285713675, 
            2.0
        ], 
        [
            0.3928571428570293, 
            1.0
        ], 
        [
            1.1428571428562415, 
            1.0
        ], 
        [
            0.9642857142849777, 
            2.0
        ], 
        [
            0.17857142857147437, 
            1.0
        ], 
        [
            0.0, 
            0.0
        ], 
        [
            0.40476190476171, 
            3.0
        ]
    ], 
    "0.04 - 0.05": [
        [
            0.34813681381475986, 
            1013.0
        ], 
        [
            -0.30472221878906275, 
            1057.0
        ], 
        [
            0.06699696986964415, 
            1029.0
        ], 
        [
            0.009151624470983333, 
            1028.0
        ], 
        [
            0.18040710387351697, 
            1043.0
        ], 
        [
            -0.42033645823354326, 
            1042.0
        ], 
        [
            0.2300984795619178, 
            1052.0
        ], 
        [
            0.3727100249387374, 
            996.0
        ], 
        [
            0.04848232661725439, 
            1075.0
        ], 
        [
            0.21408624706387241, 
            1058.0
        ]
    ], 
    "0.05 - 0.06": [
        [
            -0.21285900675637728, 
            10467.0
        ], 
        [
            -0.16393604480944213, 
            10483.0
        ], 
        [
            -0.08387495481579246, 
            10616.0
        ], 
        [
            -0.11072055402885476, 
            10635.0
        ], 
        [
            -0.13383434258423033, 
            10372.0
        ], 
        [
            -0.11651543877825403, 
            10501.0
        ], 
        [
            -0.17678055415549904, 
            10569.0
        ], 
        [
            -0.26318458216438534, 
            10588.0
        ], 
        [
            -0.12040662278842483, 
            10677.0
        ], 
        [
            -0.13958189507871235, 
            10680.0
        ]
    ], 
    "0.06 - 0.07": [
        [
            -0.41015777902149986, 
            19578.0
        ], 
        [
            -0.44284078271416516, 
            19786.0
        ], 
        [
            -0.5281941099198859, 
            20284.0
        ], 
        [
            -0.3424196076213576, 
            19789.0
        ], 
        [
            -0.46989846962213627, 
            20099.0
        ], 
        [
            -0.3686465360248909, 
            19905.0
        ], 
        [
            -0.4391572820292061, 
            19662.0
        ], 
        [
            -0.33665814732767585, 
            19849.0
        ], 
        [
            -0.46551512452921284, 
            20016.0
        ], 
        [
            -0.4531868443140738, 
            19835.0
        ]
    ], 
    "0.07 - 0.08": [
        [
            -0.3427840893846186, 
            8601.0
        ], 
        [
            -0.45930613071543674, 
            8753.0
        ], 
        [
            -0.5418506156878491, 
            8796.0
        ], 
        [
            -0.5418908381964006, 
            8690.0
        ], 
        [
            -0.617434922216321, 
            8769.0
        ], 
        [
            -0.22048242846033975, 
            8775.0
        ], 
        [
            -0.37627890950931675, 
            8649.0
        ], 
        [
            -0.3375578432656887, 
            8550.0
        ], 
        [
            -0.41563416200313613, 
            8703.0
        ], 
        [
            -0.3584169727017827, 
            8672.0
        ]
    ], 
    "0.08 - 0.09": [
        [
            -0.5344152755279564, 
            5837.0
        ], 
        [
            -0.6010433220471396, 
            5813.0
        ], 
        [
            -0.5538824828271869, 
            5798.0
        ], 
        [
            -0.7222321269116562, 
            5816.0
        ], 
        [
            -0.8544407644891265, 
            5858.0
        ], 
        [
            -0.7017083580244944, 
            5955.0
        ], 
        [
            -0.499716514263196, 
            5903.0
        ], 
        [
            -0.6110343987599145, 
            5817.0
        ], 
        [
            -0.7329982474274135, 
            6012.0
        ], 
        [
            -0.8901650578609902, 
            5815.0
        ]
    ], 
    "0.09 - 0.1": [
        [
            0.012147546938363743, 
            3683.0
        ], 
        [
            0.19597500364160295, 
            3745.0
        ], 
        [
            0.08152717417338937, 
            3582.0
        ], 
        [
            0.1936409977773109, 
            3787.0
        ], 
        [
            0.4352652027803648, 
            3606.0
        ], 
        [
            0.14353893164037776, 
            3742.0
        ], 
        [
            0.30407542811532945, 
            3767.0
        ], 
        [
            0.05075812107195447, 
            3652.0
        ], 
        [
            -0.02232422330699321, 
            3695.0
        ], 
        [
            0.516498467715337, 
            3688.0
        ]
    ], 
    "0.1 - 0.11": [
        [
            0.4163214948640595, 
            8542.0
        ], 
        [
            0.6759878004215096, 
            8302.0
        ], 
        [
            0.8000662255460774, 
            8478.0
        ], 
        [
            0.6207394950849556, 
            8421.0
        ], 
        [
            0.2856707127236779, 
            8306.0
        ], 
        [
            0.5068770120187166, 
            8287.0
        ], 
        [
            0.6909448309527687, 
            8290.0
        ], 
        [
            0.35944381945545195, 
            8221.0
        ], 
        [
            0.6629536089336369, 
            8425.0
        ], 
        [
            0.4220950279720351, 
            8399.0
        ]
    ], 
    "0.11 - 0.12": [
        [
            0.7331910589881904, 
            3564.0
        ], 
        [
            1.0361811687840867, 
            3807.0
        ], 
        [
            1.2151359555497703, 
            3749.0
        ], 
        [
            1.2987053041425791, 
            3761.0
        ], 
        [
            0.9975828934323947, 
            3736.0
        ], 
        [
            1.1459805734543016, 
            3773.0
        ], 
        [
            0.692367305607321, 
            3731.0
        ], 
        [
            1.1971576332345757, 
            3794.0
        ], 
        [
            1.4636552497771782, 
            3786.0
        ], 
        [
            0.9971695340396367, 
            3697.0
        ]
    ], 
    "0.12 - 0.13": [
        [
            1.455380821397872, 
            5719.0
        ], 
        [
            1.3233310722377294, 
            5588.0
        ], 
        [
            1.3612335987567017, 
            5697.0
        ], 
        [
            1.8645890435494359, 
            5728.0
        ], 
        [
            1.4518407878216726, 
            5675.0
        ], 
        [
            1.4889817863600596, 
            5688.0
        ], 
        [
            1.2861912021147786, 
            5558.0
        ], 
        [
            1.3761540068444102, 
            5581.0
        ], 
        [
            1.3690689167149892, 
            5828.0
        ], 
        [
            1.5507530449417906, 
            5728.0
        ]
    ],