{
    "0.04 - 0.05": [
        [
            6.624072878244133, 
            26.0
        ], 
        [
            -5.374285714285907, 
            25.0
        ], 
        [
            -6.409630263447679, 
            20.0
        ], 
        [
            4.703209822570387, 
            33.0
        ], 
        [
            3.860204081632858, 
            20.0
        ], 
        [
            -2.2395890262311116, 
            24.0
        ], 
        [
            5.6804511278191665, 
            19.0
        ], 
        [
            0.025862068965060655, 
            29.0
        ], 
        [
            -1.3828238278853033, 
            23.0
        ], 
        [
            1.2738095238091667, 
            18.0
        ]
    ], 
    "0.05 - 0.06": [
        [
            0.7483180081357366, 
            772.0
        ], 
        [
            1.9864639289754529, 
            780.0
        ], 
        [
            0.0924585879356907, 
            809.0
        ], 
        [
            0.9919750981915855, 
            823.0
        ], 
        [
            1.0336367669848732, 
            823.0
        ], 
        [
            0.3049838621799631, 
            767.0
        ], 
        [
            1.4220511859198663, 
            842.0
        ], 
        [
            0.4766595997173309, 
            798.0
        ], 
        [
            0.3567929907178339, 
            794.0
        ], 
        [
            0.844112576172959, 
            828.0
        ]
    ], 
    "0.06 - 0.07": [
        [
            0.7243349824294549, 
            3936.0
        ], 
        [
            0.7624425063853267, 
            3904.0
        ], 
        [
            1.1963157645043077, 
            3821.0
        ], 
        [
            0.35331933833136125, 
            3873.0
        ], 
        [
            0.7655530366701233, 
            3898.0
        ], 
        [
            1.1402431496461072, 
            4009.0
        ], 
        [
            1.022202208665608, 
            3867.0
        ], 
        [
            1.0680716077504486, 
            3819.0
        ], 
        [
            1.140161209596689, 
            3915.0
        ], 
        [
            1.0725389720592506, 
            4011.0
        ]
    ], 
    "0.07 - 0.08": [
        [
            0.9880240085535252, 
            3632.0
        ], 
        [
            1.2414227842764285, 
            3727.0
        ], 
        [
            0.26727613761281055, 
            3784.0
        ], 
        [
            0.7658617798688616, 
            3633.0
        ], 
        [
            1.6849646338320978, 
            3578.0
        ], 
        [
            0.4855858831661527, 
            3659.0
        ], 
        [
            1.61950800942744, 
            3628.0
        ], 
        [
            1.2108614383538074, 
            3686.0
        ], 
        [
            0.6335971199143224, 
            3501.0
        ], 
        [
            0.9362724569366938, 
            3629.0
        ]
    ], 
    "0.08 - 0.09": [
        [
            1.6909842001952544, 
            6428.0
        ], 
        [
            1.3019229280203715, 
            6410.0
        ], 
        [
            1.4594956299645006, 
            6327.0
        ], 
        [
            0.7560187733603312, 
            6335.0
        ], 
        [
            1.4287961713160529, 
            6379.0
        ], 
        [
            1.4062665805988583, 
            6341.0
        ], 
        [
            1.0255226775392812, 
            6319.0
        ], 
        [
            0.9074217400481914, 
            6501.0
        ], 
        [
            1.6912302686544383, 
            6491.0
        ], 
        [
            1.383083584912752, 
            6393.0
        ]
    ], 
    "0.09 - 0.1": [
        [
            2.0767854500208847, 
            2598.0
        ], 
        [
            2.1585831418296144, 
            2592.0
        ], 
        [
            1.5092885281296826, 
            2573.0
        ], 
        [
            1.5542359935188759, 
            2553.0
        ], 
        [
            1.766021880919782, 
            2491.0
        ], 
        [
            2.128914271143251, 
            2538.0
        ], 
        [
            1.47024763355702, 
            2591.0
        ], 
        [
            0.9564659272734902, 
            2587.0
        ], 
        [
            1.8018552092040534, 
            2538.0
        ], 
        [
            1.9393534858648092, 
            2455.0
        ]
    ], 
    "0.1 - 0.11": [
        [
            3.7839243500108397, 
            6039.0
        ], 
        [
            3.1793000025415368, 
            6073.0
        ], 
        [
            2.995317120503956, 
            6125.0
        ], 
        [
            3.246680830547882, 
            6108.0
        ], 
        [
            2.911708213634746, 
            6076.0
        ], 
        [
            3.3886085434747035, 
            6099.0
        ], 
        [
            3.0486775929920897, 
            6005.0
        ], 
        [
            3.427465206736682, 
            6149.0
        ], 
        [
            3.0312789099622472, 
            5906.0
        ], 
        [
            2.774616504563163, 
            6080.0
        ]
    ], 
    "0.11 - 0.12": [
        [
            2.5100757953064585, 
            3486.0
        ], 
        [
            2.902580814568786, 
            3354.0
        ], 
        [
            3.6461573571156176, 
            3485.0
        ], 
        [
            2.9042267340240664, 
            3344.0
        ], 
        [
            3.213102405392308, 
            3457.0
        ], 
        [
            4.1836892115956195, 
            3365.0
        ], 
        [
            3.7016203259119527, 
            3393.0
        ], 
        [
            3.2303481045943645, 
            3423.0
        ], 
        [
            3.222626146322805, 
            3446.0
        ], 
        [
            3.204887425828883, 
            3408.0
        ]
    ], 
    "0.12 - 0.13": [
        [
            3.0404279892627253, 
            841.0
        ], 
        [
            1.4423669598160558, 
            815.0
        ], 
        [
            1.766913437526081, 
            851.0
        ], 
        [
            2.200646807660378, 
            854.0
        ], 
        [
            3.796440712475521, 
            817.0
        ], 
        [
            1.9414958170583496, 
            869.0
        ], 
        [
            2.988189804823895, 
            854.0
        ], 
        [
            1.5817512182105864, 
            865.0
        ], 
        [
            2.4552356639096833, 
            820.0
        ], 
        [
            1.5500767315273896, 
            815.0
        ]
    ], 
    "0.13 - 0.14": [
        [
            2.0662749287197677, 
            1947.0
        ], 
        [
            2.1122285662337497, 
            2051.0
        ], 
        [
            2.077771582868196, 
            1907.0
        ], 
        [
            2.918855019848727, 
            1985.0
        ], 
        [
            2.2937041369471887, 
            1988.0
        ], 
        [
            2.10130311436178, 
            1969.0
        ], 
        [
            2.2781323791811134, 
            1873.0
        ], 
        [
            2.2052163210104743, 
            2030.0
        ], 
        [
            2.242586770582724, 
            1909.0
        ], 
        [
            2.3711632238103957, 
            1967.0
        ]
    ],