{
    "0.04 - 0.05": [
        [
            6.624072878244133, 
            26.0
        ], 
        [
            -5.374285714285907, 
            25.0
        ], 
        [
            -6.409630263447679, 
            20.0
        ], 
        [
            4.703209822570387, 
            33.0
        ], 
        [
            3.860204081632858, 
            20.0
        ], 
        [
            -2.2395890262311116, 
            24.0
        ], 
        [
            5.6804511278191665, 
            19.0
        ], 
        [
            0.025862068965060655, 
            29.0
        ], 
        [
            -1.3828238278853033, 
            23.0
        ], 
        [
            1.2738095238091667, 
            18.0
        ]
    ], 
    "0.05 - 0.06": [
        [
            0.7483180081357366, 
            772.0
        ], 
        [
            1.9864639289754529, 
            780.0
        ], 
        [
            0.0924585879356907, 
            809.0
        ], 
        [
            0.9919750981915855, 
            823.0
        ], 
        [
            1.0336367669848732, 
            823.0
        ], 
        [
            0.3049838621799631, 
            767.0
        ], 
        [
            1.4220511859198663, 
            842.0
        ], 
        [
            0.4766595997173309, 
            798.0
        ], 
        [
            0.3567929907178339, 
            794.0
        ], 
        [
            0.844112576172959, 
            828.0
        ]
    ], 
    "0.06 - 0.07": [
        [
            0.7243349824294549, 
            3936.0
        ], 
        [
            0.7624425063853267, 
            3904.0
        ], 
        [
            1.1963157645043077, 
            3821.0
        ], 
        [
            0.35331933833136125, 
            3873.0
        ], 
        [
            0.7655530366701233, 
            3898.0
        ], 
        [
            1.1402431496461072, 
            4009.0
        ], 
        [
            1.022202208665608, 
            3867.0
        ], 
        [
            1.0680716077504486, 
            3819.0
        ], 
        [
            1.140161209596689, 
            3915.0
        ], 
        [
            1.0725389720592506, 
            4011.0
        ]
    ], 
    "0.07 - 0.08": [
        [
            0.9880240085535252, 
            3632.0
        ], 
        [
            1.2414227842764285, 
            3727.0
        ], 
        [
            0.26727613761281055, 
            3784.0
        ], 
        [
            0.7658617798688616, 
            3633.0
        ], 
        [
            1.6849646338320978, 
            3578.0
        ], 
        [
            0.4855858831661527, 
            3659.0
        ], 
        [
            1.61950800942744, 
            3628.0
        ], 
        [
            1.2108614383538074, 
            3686.0
        ], 
        [
            0.6335971199143224, 
            3501.0
        ], 
        [
            0.9362724569366938, 
            3629.0
        ]
    ], 
    "0.08 - 0.09": [
        [
            1.7229133946571156, 
            6351.0
        ], 
        [
            1.3453735991117572, 
            6334.0
        ], 
        [
            1.4392781745867802, 
            6259.0
        ], 
        [
            0.7937292029910948, 
            6257.0
        ], 
        [
            1.3500823894417582, 
            6285.0
        ], 
        [
            1.3858560712862142, 
            6266.0
        ], 
        [
            1.052519632130608, 
            6238.0
        ], 
        [
            0.9285556768298393, 
            6429.0
        ], 
        [
            1.7527418844418081, 
            6403.0
        ], 
        [
            1.3705379199049779, 
            6312.0
        ]
    ], 
    "0.09 - 0.1": [
        [
            3.0723414784778273, 
            191.0
        ], 
        [
            0.6467794568067051, 
            189.0
        ], 
        [
            4.285167954308905, 
            195.0
        ], 
        [
            2.2466702108749668, 
            161.0
        ], 
        [
            1.7990156820337533, 
            183.0
        ], 
        [
            1.940050227368969, 
            205.0
        ], 
        [
            0.8993130146794021, 
            228.0
        ], 
        [
            0.7789921655861868, 
            211.0
        ], 
        [
            1.0936279057209233, 
            170.0
        ], 
        [
            3.371181287987185, 
            186.0
        ]
    ]
}