{
    "0.03 - 0.04": [
        [
            -1.6573008713171766, 
            524.0
        ], 
        [
            -1.9680696138495009, 
            576.0
        ], 
        [
            -1.0725239788276744, 
            570.0
        ], 
        [
            -1.754194038546575, 
            541.0
        ], 
        [
            -0.8127123662985769, 
            588.0
        ], 
        [
            -1.1293338801094412, 
            553.0
        ], 
        [
            -1.3674291436131911, 
            576.0
        ], 
        [
            -1.750709289064539, 
            527.0
        ], 
        [
            -1.8206819320271967, 
            572.0
        ], 
        [
            -2.1419790074653853, 
            553.0
        ]
    ], 
    "0.04 - 0.05": [
        [
            -1.005087934041094, 
            18273.0
        ], 
        [
            -0.9694873779531029, 
            18390.0
        ], 
        [
            -1.2241963717727349, 
            18606.0
        ], 
        [
            -0.6277730011054181, 
            18393.0
        ], 
        [
            -0.8333891789057835, 
            18436.0
        ], 
        [
            -0.8852210033282693, 
            18414.0
        ], 
        [
            -0.8703734012533275, 
            18145.0
        ], 
        [
            -0.9645061477927441, 
            18410.0
        ], 
        [
            -0.7921610875646125, 
            18470.0
        ], 
        [
            -0.7885298442026282, 
            18682.0
        ]
    ], 
    "0.05 - 0.06": [
        [
            -0.5281278184068986, 
            98025.0
        ], 
        [
            -0.5289411892455588, 
            97377.0
        ], 
        [
            -0.6051535055099678, 
            98279.0
        ], 
        [
            -0.5447081103982867, 
            97549.0
        ], 
        [
            -0.6394739226913094, 
            97701.0
        ], 
        [
            -0.5476272105220408, 
            98335.0
        ], 
        [
            -0.4214573357689794, 
            97674.0
        ], 
        [
            -0.6219333722577505, 
            97904.0
        ], 
        [
            -0.5470862536271601, 
            97975.0
        ], 
        [
            -0.6011776712186805, 
            98024.0
        ]
    ], 
    "0.06 - 0.07": [
        [
            0.22630676657349338, 
            74957.0
        ], 
        [
            0.22631142003173751, 
            74619.0
        ], 
        [
            0.16557276578889374, 
            74336.0
        ], 
        [
            0.28604614090815284, 
            74965.0
        ], 
        [
            0.18832229154290075, 
            74904.0
        ], 
        [
            0.12201457291359984, 
            74620.0
        ], 
        [
            0.13966457568984536, 
            74595.0
        ], 
        [
            0.039803746005258094, 
            74930.0
        ], 
        [
            0.26216602680948536, 
            74807.0
        ], 
        [
            0.2936621810003881, 
            75311.0
        ]
    ], 
    "0.07 - 0.08": [
        [
            0.4055571494321936, 
            80003.0
        ], 
        [
            0.5942008277012121, 
            79726.0
        ], 
        [
            0.5242619710274039, 
            80258.0
        ], 
        [
            0.3803034346719934, 
            79775.0
        ], 
        [
            0.5478378100808644, 
            79472.0
        ], 
        [
            0.3175622938056786, 
            79596.0
        ], 
        [
            0.4651091562937456, 
            79384.0
        ], 
        [
            0.4913056595043935, 
            79433.0
        ], 
        [
            0.4518642979892112, 
            79406.0
        ], 
        [
            0.46172590986864376, 
            79666.0
        ]
    ], 
    "0.08 - 0.09": [
        [
            0.9920935497632126, 
            80737.0
        ], 
        [
            1.042918001373076, 
            80963.0
        ], 
        [
            0.959475043545324, 
            80427.0
        ], 
        [
            1.0720889736861168, 
            80445.0
        ], 
        [
            0.9078205207718587, 
            80966.0
        ], 
        [
            0.870870906421195, 
            80748.0
        ], 
        [
            0.8336459476824014, 
            80551.0
        ], 
        [
            0.8929476690624907, 
            80518.0
        ], 
        [
            1.0501843866269986, 
            80469.0
        ], 
        [
            1.0483735169189425, 
            80743.0
        ]
    ], 
    "0.09 - 0.1": [
        [
            1.323216759307865, 
            48549.0
        ], 
        [
            1.4341474552036855, 
            48545.0
        ], 
        [
            1.0984219577275118, 
            48746.0
        ], 
        [
            1.2597419461946933, 
            48364.0
        ], 
        [
            1.2204975192416017, 
            48670.0
        ], 
        [
            1.2932090152343307, 
            49032.0
        ], 
        [
            1.4927491964183792, 
            48594.0
        ], 
        [
            1.6386485733016793, 
            48391.0
        ], 
        [
            1.3082431479119487, 
            48727.0
        ], 
        [
            1.472456123508181, 
            48845.0
        ]
    ], 
    "0.1 - 0.11": [
        [
            2.7420722646458926, 
            104873.0
        ], 
        [
            2.8244822742838367, 
            105170.0
        ], 
        [
            2.939620742183515, 
            105069.0
        ], 
        [
            2.9067350410817516, 
            105005.0
        ], 
        [
            2.970394569551613, 
            105557.0
        ], 
        [
            2.824629095547556, 
            104525.0
        ], 
        [
            2.6771811744610465, 
            104563.0
        ], 
        [
            2.6599053547319995, 
            105045.0
        ], 
        [
            2.785729837364824, 
            105511.0
        ], 
        [
            2.655834143156289, 
            105014.0
        ]
    ], 
    "0.11 - 0.12": [
        [
            2.7129126253852003, 
            42500.0
        ], 
        [
            2.813657700115362, 
            42605.0
        ], 
        [
            2.8384464775254385, 
            42444.0
        ], 
        [
            2.9025959994929753, 
            42612.0
        ], 
        [
            2.836191507336072, 
            42330.0
        ], 
        [
            2.824004583334954, 
            42500.0
        ], 
        [
            2.742252846288777, 
            42403.0
        ], 
        [
            2.910852608164541, 
            42651.0
        ], 
        [
            2.9052603031014255, 
            42804.0
        ], 
        [
            3.0962524428031712, 
            42159.0
        ]
    ], 
    "0.12 - 0.13": [
        [
            2.0440069344162746, 
            23816.0
        ], 
        [
            2.036262297460949, 
            23459.0
        ], 
        [
            1.8721867192389343, 
            24178.0
        ], 
        [
            2.0600077085308, 
            23743.0
        ], 
        [
            1.8110897346373533, 
            23837.0
        ], 
        [
            1.964509899204316, 
            23919.0
        ], 
        [
            1.9781066397067937, 
            24145.0
        ], 
        [
            2.138265755317956, 
            23773.0
        ], 
        [
            2.056379457649549, 
            23899.0
        ], 
        [
            2.0135091319528757, 
            23869.0
        ]
    ],