{
    "0.03 - 0.04": [
        [
            -0.9642857142859538, 
            1.0
        ], 
        [
            1.3571428571432511, 
            1.0
        ], 
        [
            0.0, 
            0.0
        ], 
        [
            -2.9285714285713675, 
            2.0
        ], 
        [
            0.3928571428570293, 
            1.0
        ], 
        [
            1.1428571428562415, 
            1.0
        ], 
        [
            0.9642857142849777, 
            2.0
        ], 
        [
            0.17857142857147437, 
            1.0
        ], 
        [
            0.0, 
            0.0
        ], 
        [
            0.40476190476171, 
            3.0
        ]
    ], 
    "0.04 - 0.05": [
        [
            0.34813681381475986, 
            1013.0
        ], 
        [
            -0.30472221878906275, 
            1057.0
        ], 
        [
            0.06699696986964415, 
            1029.0
        ], 
        [
            0.009151624470983333, 
            1028.0
        ], 
        [
            0.18040710387351697, 
            1043.0
        ], 
        [
            -0.42033645823354326, 
            1042.0
        ], 
        [
            0.2300984795619178, 
            1052.0
        ], 
        [
            0.3727100249387374, 
            996.0
        ], 
        [
            0.04848232661725439, 
            1075.0
        ], 
        [
            0.21408624706387241, 
            1058.0
        ]
    ], 
    "0.05 - 0.06": [
        [
            -0.21285900675637728, 
            10467.0
        ], 
        [
            -0.16393604480944213, 
            10483.0
        ], 
        [
            -0.08387495481579246, 
            10616.0
        ], 
        [
            -0.11072055402885476, 
            10635.0
        ], 
        [
            -0.13383434258423033, 
            10372.0
        ], 
        [
            -0.11651543877825403, 
            10501.0
        ], 
        [
            -0.17678055415549904, 
            10569.0
        ], 
        [
            -0.26318458216438534, 
            10588.0
        ], 
        [
            -0.12040662278842483, 
            10677.0
        ], 
        [
            -0.13958189507871235, 
            10680.0
        ]
    ], 
    "0.06 - 0.07": [
        [
            -0.41015777902149986, 
            19578.0
        ], 
        [
            -0.44284078271416516, 
            19786.0
        ], 
        [
            -0.5281941099198859, 
            20284.0
        ], 
        [
            -0.3424196076213576, 
            19789.0
        ], 
        [
            -0.46989846962213627, 
            20099.0
        ], 
        [
            -0.3686465360248909, 
            19905.0
        ], 
        [
            -0.4391572820292061, 
            19662.0
        ], 
        [
            -0.33665814732767585, 
            19849.0
        ], 
        [
            -0.46551512452921284, 
            20016.0
        ], 
        [
            -0.4531868443140738, 
            19835.0
        ]
    ], 
    "0.07 - 0.08": [
        [
            -0.3427840893846186, 
            8601.0
        ], 
        [
            -0.45930613071543674, 
            8753.0
        ], 
        [
            -0.5418506156878491, 
            8796.0
        ], 
        [
            -0.5418908381964006, 
            8690.0
        ], 
        [
            -0.617434922216321, 
            8769.0
        ], 
        [
            -0.22048242846033975, 
            8775.0
        ], 
        [
            -0.37627890950931675, 
            8649.0
        ], 
        [
            -0.3375578432656887, 
            8550.0
        ], 
        [
            -0.41563416200313613, 
            8703.0
        ], 
        [
            -0.3584169727017827, 
            8672.0
        ]
    ], 
    "0.08 - 0.09": [
        [
            -0.5458843177669046, 
            5781.0
        ], 
        [
            -0.6081259950310681, 
            5767.0
        ], 
        [
            -0.5525967044256871, 
            5749.0
        ], 
        [
            -0.7263244439812231, 
            5766.0
        ], 
        [
            -0.8788834947387281, 
            5806.0
        ], 
        [
            -0.7108967014092371, 
            5903.0
        ], 
        [
            -0.5332583340153465, 
            5849.0
        ], 
        [
            -0.607229757848499, 
            5773.0
        ], 
        [
            -0.7510775780034504, 
            5941.0
        ], 
        [
            -0.8981529949593875, 
            5771.0
        ]
    ], 
    "0.09 - 0.1": [
        [
            1.9654017857143546, 
            48.0
        ], 
        [
            -0.24556753046821395, 
            47.0
        ], 
        [
            4.039509706321368, 
            41.0
        ], 
        [
            -0.8073308270677545, 
            38.0
        ], 
        [
            4.150896722324983, 
            33.0
        ], 
        [
            -0.9878865868711856, 
            44.0
        ], 
        [
            2.1782713085231973, 
            51.0
        ], 
        [
            2.581210186348795, 
            37.0
        ], 
        [
            4.3448956297798995, 
            50.0
        ], 
        [
            1.8638392857140038, 
            48.0
        ]
    ]
}