{
    "0.03 - 0.04": [
        [
            -1.217475445856166, 
            710.0
        ], 
        [
            -0.9792904801554648, 
            673.0
        ], 
        [
            -0.4551100952128693, 
            686.0
        ], 
        [
            -1.0998060395898708, 
            691.0
        ], 
        [
            -1.2421793059325832, 
            693.0
        ], 
        [
            -1.358444367895211, 
            722.0
        ], 
        [
            -1.5892543659117175, 
            689.0
        ], 
        [
            -1.1272706806371429, 
            700.0
        ], 
        [
            -0.025649400094121953, 
            649.0
        ], 
        [
            -0.6365200634656257, 
            639.0
        ]
    ], 
    "0.04 - 0.05": [
        [
            -0.4690823362114254, 
            30799.0
        ], 
        [
            -0.5492212629573473, 
            30854.0
        ], 
        [
            -0.6168708948962884, 
            31221.0
        ], 
        [
            -0.4974833281449211, 
            31129.0
        ], 
        [
            -0.6346072643147702, 
            30929.0
        ], 
        [
            -0.6124236020924979, 
            30848.0
        ], 
        [
            -0.5963587646146244, 
            30800.0
        ], 
        [
            -0.6593482883533686, 
            31049.0
        ], 
        [
            -0.6741003581846984, 
            30919.0
        ], 
        [
            -0.6240909338300711, 
            30585.0
        ]
    ], 
    "0.05 - 0.06": [
        [
            -0.4337129860697234, 
            204194.0
        ], 
        [
            -0.38677415768043866, 
            204794.0
        ], 
        [
            -0.4343464372529469, 
            204222.0
        ], 
        [
            -0.40770437584741837, 
            204177.0
        ], 
        [
            -0.4392277839653048, 
            203910.0
        ], 
        [
            -0.4314248148341278, 
            204218.0
        ], 
        [
            -0.4474274988542803, 
            204140.0
        ], 
        [
            -0.4445961349312535, 
            203868.0
        ], 
        [
            -0.41261087067378616, 
            203918.0
        ], 
        [
            -0.44367892044042145, 
            204150.0
        ]
    ], 
    "0.06 - 0.07": [
        [
            -0.15555951804020693, 
            178214.0
        ], 
        [
            -0.18267565929940033, 
            178127.0
        ], 
        [
            -0.2158298579143128, 
            178364.0
        ], 
        [
            -0.06979776509269442, 
            177838.0
        ], 
        [
            -0.15347686193031304, 
            178574.0
        ], 
        [
            -0.167933863979907, 
            177436.0
        ], 
        [
            -0.1675323348443501, 
            177793.0
        ], 
        [
            -0.20564552425177013, 
            178193.0
        ], 
        [
            -0.19044291293228063, 
            178091.0
        ], 
        [
            -0.18932271933595318, 
            178194.0
        ]
    ], 
    "0.07 - 0.08": [
        [
            0.12791391697753582, 
            136500.0
        ], 
        [
            0.09863804289549515, 
            136339.0
        ], 
        [
            0.08129826692342638, 
            136564.0
        ], 
        [
            0.07928393978523098, 
            136295.0
        ], 
        [
            0.004005073627153946, 
            136382.0
        ], 
        [
            -0.0046794492557777805, 
            136436.0
        ], 
        [
            0.09026029659224609, 
            136385.0
        ], 
        [
            0.0849569841945573, 
            135777.0
        ], 
        [
            0.08709854014136705, 
            135897.0
        ], 
        [
            0.09040624463895622, 
            136103.0
        ]
    ], 
    "0.08 - 0.09": [
        [
            0.5602920374393172, 
            142489.0
        ], 
        [
            0.5884249661836389, 
            142472.0
        ], 
        [
            0.5097638994256225, 
            142578.0
        ], 
        [
            0.5019644875657605, 
            142092.0
        ], 
        [
            0.505859553733037, 
            142040.0
        ], 
        [
            0.5687984941915085, 
            142071.0
        ], 
        [
            0.5708601752177516, 
            142022.0
        ], 
        [
            0.541939858443275, 
            142676.0
        ], 
        [
            0.5473265326707398, 
            142628.0
        ], 
        [
            0.4984215789366854, 
            142092.0
        ]
    ], 
    "0.09 - 0.1": [
        [
            1.2250867460842811, 
            5423.0
        ], 
        [
            1.467913559429777, 
            5504.0
        ], 
        [
            0.894618469564748, 
            5549.0
        ], 
        [
            1.1511278620223964, 
            5607.0
        ], 
        [
            1.1750490248552967, 
            5592.0
        ], 
        [
            1.1875409018491347, 
            5399.0
        ], 
        [
            1.2120089186511418, 
            5366.0
        ], 
        [
            1.3794520730668482, 
            5524.0
        ], 
        [
            1.203883345138561, 
            5564.0
        ], 
        [
            1.1340692846560163, 
            5587.0
        ]
    ], 
    "0.1 - 0.11": [
        [
            13.74999999999992, 
            1.0
        ], 
        [
            0.0, 
            0.0
        ], 
        [
            0.0, 
            0.0
        ], 
        [
            16.35714285714241, 
            1.0
        ], 
        [
            0.0, 
            0.0
        ], 
        [
            0.0, 
            0.0
        ], 
        [
            0.0, 
            0.0
        ], 
        [
            17.428571428571168, 
            1.0
        ], 
        [
            16.08928571428563, 
            2.0
        ], 
        [
            0.0, 
            0.0
        ]
    ]
}