{
    "0.03 - 0.04": [
        [
            0.0, 
            0.0
        ], 
        [
            0.0, 
            0.0
        ], 
        [
            1.0714285714288272, 
            1.0
        ], 
        [
            0.0, 
            0.0
        ], 
        [
            0.0, 
            0.0
        ], 
        [
            0.0, 
            0.0
        ], 
        [
            0.0, 
            0.0
        ], 
        [
            0.0, 
            0.0
        ], 
        [
            0.0, 
            0.0
        ], 
        [
            0.0, 
            0.0
        ]
    ], 
    "0.04 - 0.05": [
        [
            1.2965014577257838, 
            35.0
        ], 
        [
            -1.7575187969927162, 
            38.0
        ], 
        [
            2.663048198002087, 
            47.0
        ], 
        [
            0.6513605442170847, 
            39.0
        ], 
        [
            -1.6486283037805527, 
            61.0
        ], 
        [
            -1.3886054421773668, 
            48.0
        ], 
        [
            1.0296140195207444, 
            46.0
        ], 
        [
            -0.17032967033038496, 
            39.0
        ], 
        [
            -0.155293367347575, 
            40.0
        ], 
        [
            0.47463697017251505, 
            52.0
        ]
    ], 
    "0.05 - 0.06": [
        [
            0.5138138966291392, 
            1864.0
        ], 
        [
            0.49753584538782225, 
            1779.0
        ], 
        [
            0.39931008403189805, 
            1760.0
        ], 
        [
            1.0183156030431644, 
            1678.0
        ], 
        [
            0.7571582789961091, 
            1775.0
        ], 
        [
            0.7448302156130217, 
            1771.0
        ], 
        [
            0.09828502025698695, 
            1784.0
        ], 
        [
            0.7566586229237358, 
            1766.0
        ], 
        [
            0.8188682765703035, 
            1617.0
        ], 
        [
            0.4593659792290299, 
            1781.0
        ]
    ], 
    "0.06 - 0.07": [
        [
            0.46829496763425976, 
            6122.0
        ], 
        [
            0.6583014877442503, 
            6095.0
        ], 
        [
            0.33261412153373343, 
            6139.0
        ], 
        [
            0.2946875213270181, 
            6196.0
        ], 
        [
            0.541680709931332, 
            6077.0
        ], 
        [
            0.44042820918121456, 
            6181.0
        ], 
        [
            0.6881767635161343, 
            6273.0
        ], 
        [
            0.23790774786958105, 
            6128.0
        ], 
        [
            0.5218702507566653, 
            6061.0
        ], 
        [
            0.3785119454706254, 
            6046.0
        ]
    ], 
    "0.07 - 0.08": [
        [
            0.47306834167113476, 
            5372.0
        ], 
        [
            0.638156872877659, 
            5260.0
        ], 
        [
            0.5611400580420127, 
            5188.0
        ], 
        [
            0.34672249310134023, 
            5271.0
        ], 
        [
            0.4234095029683774, 
            5228.0
        ], 
        [
            0.8257169644727732, 
            5275.0
        ], 
        [
            0.35517940660390085, 
            5233.0
        ], 
        [
            0.48711786955242564, 
            5341.0
        ], 
        [
            0.31200708333398636, 
            5335.0
        ], 
        [
            0.37558048031318403, 
            5363.0
        ]
    ], 
    "0.08 - 0.09": [
        [
            1.0179076051871607, 
            9964.0
        ], 
        [
            0.6345740406859401, 
            9830.0
        ], 
        [
            0.7517572712711504, 
            9666.0
        ], 
        [
            1.0737439416976864, 
            9894.0
        ], 
        [
            0.965863383881758, 
            9992.0
        ], 
        [
            0.9602115365753112, 
            9824.0
        ], 
        [
            0.7597665827020821, 
            9853.0
        ], 
        [
            0.9582152007021867, 
            9775.0
        ], 
        [
            0.8223929215975695, 
            9877.0
        ], 
        [
            0.9078880881747352, 
            9942.0
        ]
    ], 
    "0.09 - 0.1": [
        [
            0.8302800340484937, 
            6718.0
        ], 
        [
            0.7520782406578544, 
            6572.0
        ], 
        [
            0.9519748282119357, 
            6728.0
        ], 
        [
            1.0698694500591361, 
            6657.0
        ], 
        [
            0.5915266912210467, 
            6577.0
        ], 
        [
            0.5829704402250144, 
            6622.0
        ], 
        [
            0.6218055122358974, 
            6740.0
        ], 
        [
            1.0463545660723488, 
            6776.0
        ], 
        [
            0.851804191772619, 
            6523.0
        ], 
        [
            0.6791500618061678, 
            6872.0
        ]
    ], 
    "0.1 - 0.11": [
        [
            1.2739608559895002, 
            15919.0
        ], 
        [
            1.3516438362346614, 
            15949.0
        ], 
        [
            1.2119404285098774, 
            16009.0
        ], 
        [
            1.3051040709737882, 
            16315.0
        ], 
        [
            1.1757612224068243, 
            15925.0
        ], 
        [
            1.3956288728459234, 
            15799.0
        ], 
        [
            1.2999335102174494, 
            15941.0
        ], 
        [
            1.2976371339012203, 
            15826.0
        ], 
        [
            1.2703460029837363, 
            15881.0
        ], 
        [
            1.3429352501070588, 
            16094.0
        ]
    ], 
    "0.11 - 0.12": [
        [
            1.252348435916396, 
            10904.0
        ], 
        [
            1.492622783416379, 
            10838.0
        ], 
        [
            1.3075440687719089, 
            10989.0
        ], 
        [
            1.1691784864689538, 
            10918.0
        ], 
        [
            1.4883021442739812, 
            10730.0
        ], 
        [
            1.3058007450229372, 
            10855.0
        ], 
        [
            1.4005777573974345, 
            10874.0
        ], 
        [
            1.219241603347982, 
            10626.0
        ], 
        [
            1.3386781538834476, 
            11009.0
        ], 
        [
            1.513451017756537, 
            10880.0
        ]
    ], 
    "0.12 - 0.13": [
        [
            1.5384980324879676, 
            2594.0
        ], 
        [
            1.483950896203939, 
            2706.0
        ], 
        [
            1.1866209951992863, 
            2628.0
        ], 
        [
            1.2039926027906256, 
            2558.0
        ], 
        [
            0.7751722706573747, 
            2708.0
        ], 
        [
            1.3004731985029214, 
            2532.0
        ], 
        [
            1.2704081876128648, 
            2599.0
        ], 
        [
            1.2762865667970464, 
            2540.0
        ], 
        [
            1.3466719723630545, 
            2669.0
        ], 
        [
            1.2787666638700674, 
            2554.0
        ]
    ],