{
    "0.03 - 0.04": [
        [
            0.0, 
            0.0
        ], 
        [
            0.0, 
            0.0
        ], 
        [
            1.0714285714288272, 
            1.0
        ], 
        [
            0.0, 
            0.0
        ], 
        [
            0.0, 
            0.0
        ], 
        [
            0.0, 
            0.0
        ], 
        [
            0.0, 
            0.0
        ], 
        [
            0.0, 
            0.0
        ], 
        [
            0.0, 
            0.0
        ], 
        [
            0.0, 
            0.0
        ]
    ], 
    "0.04 - 0.05": [
        [
            1.2965014577257838, 
            35.0
        ], 
        [
            -1.7575187969927162, 
            38.0
        ], 
        [
            2.663048198002087, 
            47.0
        ], 
        [
            0.6513605442170847, 
            39.0
        ], 
        [
            -1.6486283037805527, 
            61.0
        ], 
        [
            -1.3886054421773668, 
            48.0
        ], 
        [
            1.0296140195207444, 
            46.0
        ], 
        [
            -0.17032967033038496, 
            39.0
        ], 
        [
            -0.155293367347575, 
            40.0
        ], 
        [
            0.47463697017251505, 
            52.0
        ]
    ], 
    "0.05 - 0.06": [
        [
            0.5138138966291392, 
            1864.0
        ], 
        [
            0.49753584538782225, 
            1779.0
        ], 
        [
            0.39931008403189805, 
            1760.0
        ], 
        [
            1.0183156030431644, 
            1678.0
        ], 
        [
            0.7571582789961091, 
            1775.0
        ], 
        [
            0.7448302156130217, 
            1771.0
        ], 
        [
            0.09828502025698695, 
            1784.0
        ], 
        [
            0.7566586229237358, 
            1766.0
        ], 
        [
            0.8188682765703035, 
            1617.0
        ], 
        [
            0.4593659792290299, 
            1781.0
        ]
    ], 
    "0.06 - 0.07": [
        [
            0.46829496763425976, 
            6122.0
        ], 
        [
            0.6583014877442503, 
            6095.0
        ], 
        [
            0.33261412153373343, 
            6139.0
        ], 
        [
            0.2946875213270181, 
            6196.0
        ], 
        [
            0.541680709931332, 
            6077.0
        ], 
        [
            0.44042820918121456, 
            6181.0
        ], 
        [
            0.6881767635161343, 
            6273.0
        ], 
        [
            0.23790774786958105, 
            6128.0
        ], 
        [
            0.5218702507566653, 
            6061.0
        ], 
        [
            0.3785119454706254, 
            6046.0
        ]
    ], 
    "0.07 - 0.08": [
        [
            0.47306834167113476, 
            5372.0
        ], 
        [
            0.638156872877659, 
            5260.0
        ], 
        [
            0.5611400580420127, 
            5188.0
        ], 
        [
            0.34672249310134023, 
            5271.0
        ], 
        [
            0.4234095029683774, 
            5228.0
        ], 
        [
            0.8257169644727732, 
            5275.0
        ], 
        [
            0.35517940660390085, 
            5233.0
        ], 
        [
            0.48711786955242564, 
            5341.0
        ], 
        [
            0.31200708333398636, 
            5335.0
        ], 
        [
            0.37558048031318403, 
            5363.0
        ]
    ], 
    "0.08 - 0.09": [
        [
            1.0387885521260138, 
            9740.0
        ], 
        [
            0.6503266588314122, 
            9613.0
        ], 
        [
            0.7711600095879276, 
            9453.0
        ], 
        [
            1.1054521908020214, 
            9662.0
        ], 
        [
            0.9718787173662553, 
            9775.0
        ], 
        [
            0.9699189135441421, 
            9609.0
        ], 
        [
            0.7455066800866168, 
            9636.0
        ], 
        [
            0.9648030811622114, 
            9573.0
        ], 
        [
            0.8231064917554597, 
            9646.0
        ], 
        [
            0.9100876872923648, 
            9735.0
        ]
    ], 
    "0.09 - 0.1": [
        [
            1.2799512867851277, 
            481.0
        ], 
        [
            1.3944789584377253, 
            477.0
        ], 
        [
            1.4746095895104265, 
            519.0
        ], 
        [
            2.3269507238167884, 
            443.0
        ], 
        [
            2.892339124225363, 
            446.0
        ], 
        [
            2.008041663302561, 
            490.0
        ], 
        [
            1.1848535532842248, 
            473.0
        ], 
        [
            2.3018350090409796, 
            475.0
        ], 
        [
            3.6762563359676705, 
            459.0
        ], 
        [
            1.8169643574532817, 
            459.0
        ]
    ]
}