{
    "0.07 - 0.08": [
        [
            0.0, 
            0.0
        ], 
        [
            0.0, 
            0.0
        ], 
        [
            0.0, 
            0.0
        ], 
        [
            -2.4642857142858903, 
            1.0
        ], 
        [
            0.0, 
            0.0
        ], 
        [
            0.0, 
            0.0
        ], 
        [
            0.0, 
            0.0
        ], 
        [
            0.0, 
            0.0
        ], 
        [
            2.821428571428744, 
            1.0
        ], 
        [
            0.0, 
            0.0
        ]
    ], 
    "0.08 - 0.09": [
        [
            0.24000972294183195, 
            1336.0
        ], 
        [
            1.3659596257499942, 
            1264.0
        ], 
        [
            -0.41221732575321, 
            1306.0
        ], 
        [
            1.1111310361588986, 
            1334.0
        ], 
        [
            0.4390732407065073, 
            1321.0
        ], 
        [
            -0.16688883567986973, 
            1353.0
        ], 
        [
            -1.346769762404934, 
            1369.0
        ], 
        [
            -0.7793356926862431, 
            1268.0
        ], 
        [
            -0.04481973958280137, 
            1304.0
        ], 
        [
            1.627422867516819, 
            1334.0
        ]
    ], 
    "0.09 - 0.1": [
        [
            1.2906672384242854, 
            46563.0
        ], 
        [
            1.4173533235838383, 
            46487.0
        ], 
        [
            1.0785577841648553, 
            46621.0
        ], 
        [
            1.2576839238867183, 
            46239.0
        ], 
        [
            1.2130333591810516, 
            46656.0
        ], 
        [
            1.268894711550604, 
            46875.0
        ], 
        [
            1.4458493310184581, 
            46564.0
        ], 
        [
            1.6172586802764493, 
            46343.0
        ], 
        [
            1.3237974270633024, 
            46746.0
        ], 
        [
            1.446019879054665, 
            46770.0
        ]
    ], 
    "0.1 - 0.11": [
        [
            2.7420722646458926, 
            104873.0
        ], 
        [
            2.8244822742838367, 
            105170.0
        ], 
        [
            2.939620742183515, 
            105069.0
        ], 
        [
            2.9067350410817516, 
            105005.0
        ], 
        [
            2.970394569551613, 
            105557.0
        ], 
        [
            2.824629095547556, 
            104525.0
        ], 
        [
            2.6771811744610465, 
            104563.0
        ], 
        [
            2.6599053547319995, 
            105045.0
        ], 
        [
            2.785729837364824, 
            105511.0
        ], 
        [
            2.655834143156289, 
            105014.0
        ]
    ], 
    "0.11 - 0.12": [
        [
            2.7129126253852003, 
            42500.0
        ], 
        [
            2.813657700115362, 
            42605.0
        ], 
        [
            2.8384464775254385, 
            42444.0
        ], 
        [
            2.9025959994929753, 
            42612.0
        ], 
        [
            2.836191507336072, 
            42330.0
        ], 
        [
            2.824004583334954, 
            42500.0
        ], 
        [
            2.742252846288777, 
            42403.0
        ], 
        [
            2.910852608164541, 
            42651.0
        ], 
        [
            2.9052603031014255, 
            42804.0
        ], 
        [
            3.0962524428031712, 
            42159.0
        ]
    ], 
    "0.12 - 0.13": [
        [
            2.0440069344162746, 
            23816.0
        ], 
        [
            2.036262297460949, 
            23459.0
        ], 
        [
            1.8721867192389343, 
            24178.0
        ], 
        [
            2.0600077085308, 
            23743.0
        ], 
        [
            1.8110897346373533, 
            23837.0
        ], 
        [
            1.964509899204316, 
            23919.0
        ], 
        [
            1.9781066397067937, 
            24145.0
        ], 
        [
            2.138265755317956, 
            23773.0
        ], 
        [
            2.056379457649549, 
            23899.0
        ], 
        [
            2.0135091319528757, 
            23869.0
        ]
    ], 
    "0.13 - 0.14": [
        [
            1.5590137727547724, 
            47668.0
        ], 
        [
            1.7225486110012287, 
            48064.0
        ], 
        [
            1.7906268679939943, 
            47877.0
        ], 
        [
            1.8250356506499708, 
            47564.0
        ], 
        [
            1.8475694691832247, 
            47353.0
        ], 
        [
            1.8113065094375798, 
            47766.0
        ], 
        [
            1.9170293509409153, 
            47574.0
        ], 
        [
            1.9094705838201127, 
            47848.0
        ], 
        [
            1.8407874212818418, 
            47841.0
        ], 
        [
            1.639909270619669, 
            48120.0
        ]
    ], 
    "0.14 - 0.15": [
        [
            1.3707366723764007, 
            33004.0
        ], 
        [
            1.600341535965837, 
            33124.0
        ], 
        [
            1.468858275312828, 
            33209.0
        ], 
        [
            1.348821316621664, 
            33246.0
        ], 
        [
            1.7282803784764476, 
            32974.0
        ], 
        [
            1.2609799077142516, 
            33326.0
        ], 
        [
            1.2704645308278604, 
            33308.0
        ], 
        [
            2.0193477283535377, 
            33319.0
        ], 
        [
            1.504309028139009, 
            33092.0
        ], 
        [
            1.4882512631823162, 
            33513.0
        ]
    ], 
    "0.15 - 0.16": [
        [
            1.6551845334115338, 
            35513.0
        ], 
        [
            1.4296149054610507, 
            35180.0
        ], 
        [
            1.5825960858654076, 
            35325.0
        ], 
        [
            1.2418298923867883, 
            35405.0
        ], 
        [
            1.6053202725809603, 
            34959.0
        ], 
        [
            1.5516527826386524, 
            35252.0
        ], 
        [
            1.365238491105884, 
            35375.0
        ], 
        [
            1.0897749296753985, 
            35379.0
        ], 
        [
            1.5455292798622002, 
            35087.0
        ], 
        [
            1.456530511792577, 
            35313.0
        ]
    ], 
    "0.16 - 0.17": [
        [
            0.3909578824524717, 
            7180.0
        ], 
        [
            0.797271104630516, 
            7197.0
        ], 
        [
            1.0473991479154294, 
            7360.0
        ], 
        [
            0.5687621563510978, 
            7333.0
        ], 
        [
            1.4071008606881705, 
            7346.0
        ], 
        [
            0.9516066507431374, 
            7228.0
        ], 
        [
            1.0023817276085007, 
            7121.0
        ], 
        [
            1.092751241350008, 
            7249.0
        ], 
        [
            0.7404459702597886, 
            7248.0
        ], 
        [
            1.0830249150494828, 
            7235.0
        ]
    ]
}