{
    "0.08 - 0.09": [
        [
            0.10995928739952968, 
            224.0
        ], 
        [
            -0.06325968388743379, 
            217.0
        ], 
        [
            -0.10934172078750659, 
            213.0
        ], 
        [
            -0.2467952947078526, 
            232.0
        ], 
        [
            0.6948961727713336, 
            217.0
        ], 
        [
            0.5263595119543969, 
            215.0
        ], 
        [
            1.3929851154330704, 
            217.0
        ], 
        [
            0.6460083707823016, 
            202.0
        ], 
        [
            0.7925959616711244, 
            231.0
        ], 
        [
            0.8044431731499819, 
            207.0
        ]
    ], 
    "0.09 - 0.1": [
        [
            0.7956012024681953, 
            6237.0
        ], 
        [
            0.7018034018750818, 
            6095.0
        ], 
        [
            0.9082886563462702, 
            6209.0
        ], 
        [
            0.9802513289978809, 
            6214.0
        ], 
        [
            0.4241539387956797, 
            6131.0
        ], 
        [
            0.4690948858695027, 
            6132.0
        ], 
        [
            0.5793096253018206, 
            6267.0
        ], 
        [
            0.9517103492162784, 
            6301.0
        ], 
        [
            0.6380140311219711, 
            6064.0
        ], 
        [
            0.5977128621021252, 
            6413.0
        ]
    ], 
    "0.1 - 0.11": [
        [
            1.2739608559895002, 
            15919.0
        ], 
        [
            1.3516438362346614, 
            15949.0
        ], 
        [
            1.2119404285098774, 
            16009.0
        ], 
        [
            1.3051040709737882, 
            16315.0
        ], 
        [
            1.1757612224068243, 
            15925.0
        ], 
        [
            1.3956288728459234, 
            15799.0
        ], 
        [
            1.2999335102174494, 
            15941.0
        ], 
        [
            1.2976371339012203, 
            15826.0
        ], 
        [
            1.2703460029837363, 
            15881.0
        ], 
        [
            1.3429352501070588, 
            16094.0
        ]
    ], 
    "0.11 - 0.12": [
        [
            1.252348435916396, 
            10904.0
        ], 
        [
            1.492622783416379, 
            10838.0
        ], 
        [
            1.3075440687719089, 
            10989.0
        ], 
        [
            1.1691784864689538, 
            10918.0
        ], 
        [
            1.4883021442739812, 
            10730.0
        ], 
        [
            1.3058007450229372, 
            10855.0
        ], 
        [
            1.4005777573974345, 
            10874.0
        ], 
        [
            1.219241603347982, 
            10626.0
        ], 
        [
            1.3386781538834476, 
            11009.0
        ], 
        [
            1.513451017756537, 
            10880.0
        ]
    ], 
    "0.12 - 0.13": [
        [
            1.5384980324879676, 
            2594.0
        ], 
        [
            1.483950896203939, 
            2706.0
        ], 
        [
            1.1866209951992863, 
            2628.0
        ], 
        [
            1.2039926027906256, 
            2558.0
        ], 
        [
            0.7751722706573747, 
            2708.0
        ], 
        [
            1.3004731985029214, 
            2532.0
        ], 
        [
            1.2704081876128648, 
            2599.0
        ], 
        [
            1.2762865667970464, 
            2540.0
        ], 
        [
            1.3466719723630545, 
            2669.0
        ], 
        [
            1.2787666638700674, 
            2554.0
        ]
    ], 
    "0.13 - 0.14": [
        [
            1.003724556865669, 
            4829.0
        ], 
        [
            1.1253836389466498, 
            4889.0
        ], 
        [
            1.1863250322463954, 
            4757.0
        ], 
        [
            1.2402414839721343, 
            4824.0
        ], 
        [
            0.9837010622257958, 
            4733.0
        ], 
        [
            0.8941560155317595, 
            4961.0
        ], 
        [
            1.0200998584990557, 
            4795.0
        ], 
        [
            0.8844146652391978, 
            4741.0
        ], 
        [
            1.0171550724196985, 
            4866.0
        ], 
        [
            1.1997116387602478, 
            4868.0
        ]
    ], 
    "0.14 - 0.15": [
        [
            0.6978012157119982, 
            2315.0
        ], 
        [
            1.0339613809560477, 
            2312.0
        ], 
        [
            0.808539754493786, 
            2161.0
        ], 
        [
            0.1653232951344123, 
            2291.0
        ], 
        [
            0.6288867162760069, 
            2198.0
        ], 
        [
            -0.1083918758419451, 
            2230.0
        ], 
        [
            1.3253429855167398, 
            2226.0
        ], 
        [
            0.5919435421044288, 
            2356.0
        ], 
        [
            -0.1405013079832345, 
            2350.0
        ], 
        [
            -0.15216710845098774, 
            2280.0
        ]
    ], 
    "0.15 - 0.16": [
        [
            0.755879299861509, 
            3330.0
        ], 
        [
            0.3666698744371835, 
            3324.0
        ], 
        [
            0.5838432087754837, 
            3284.0
        ], 
        [
            0.6095499530635998, 
            3343.0
        ], 
        [
            0.14696817167982432, 
            3272.0
        ], 
        [
            0.5007882930047639, 
            3330.0
        ], 
        [
            0.7968056154673725, 
            3302.0
        ], 
        [
            0.8281225570870783, 
            3329.0
        ], 
        [
            0.4720427354884435, 
            3272.0
        ], 
        [
            0.8994795929808077, 
            3252.0
        ]
    ], 
    "0.16 - 0.17": [
        [
            1.460573139427752, 
            650.0
        ], 
        [
            0.0890857517461573, 
            691.0
        ], 
        [
            1.5364367275095645, 
            704.0
        ], 
        [
            0.879788469703476, 
            733.0
        ], 
        [
            1.9169499850363774, 
            699.0
        ], 
        [
            1.144564926535077, 
            739.0
        ], 
        [
            0.5371406116824796, 
            737.0
        ], 
        [
            1.5869813229357628, 
            726.0
        ], 
        [
            0.23569677566845543, 
            701.0
        ], 
        [
            0.6303751126445082, 
            695.0
        ]
    ]
}