{
    "0.03 - 0.04": [
        [
            -17.33928571428552, 
            2.0
        ], 
        [
            -6.428571428571437, 
            3.0
        ], 
        [
            0.0, 
            0.0
        ], 
        [
            -12.392857142857135, 
            1.0
        ], 
        [
            0.0, 
            0.0
        ], 
        [
            -1.1785714285715425, 
            1.0
        ], 
        [
            -40.428571428572184, 
            1.0
        ], 
        [
            0.0, 
            0.0
        ], 
        [
            -0.08928571428579257, 
            4.0
        ], 
        [
            -0.0357142857142384, 
            2.0
        ]
    ], 
    "0.04 - 0.05": [
        [
            1.3696142281871184, 
            347.0
        ], 
        [
            -1.3085988077685755, 
            295.0
        ], 
        [
            -1.26201190360462, 
            335.0
        ], 
        [
            1.4328566844807809, 
            289.0
        ], 
        [
            1.0558726807521708, 
            307.0
        ], 
        [
            -0.8501917993812012, 
            275.0
        ], 
        [
            -0.7014243919933114, 
            312.0
        ], 
        [
            -0.5018766140651186, 
            301.0
        ], 
        [
            -1.129856246054467, 
            305.0
        ], 
        [
            1.0725919299943367, 
            293.0
        ]
    ], 
    "0.05 - 0.06": [
        [
            0.6061026881460035, 
            3020.0
        ], 
        [
            0.6184334538733047, 
            3102.0
        ], 
        [
            0.2937211555297395, 
            2993.0
        ], 
        [
            0.6702180452815811, 
            3008.0
        ], 
        [
            0.6551275320172371, 
            3058.0
        ], 
        [
            0.21536822748061618, 
            3041.0
        ], 
        [
            0.7545827661796066, 
            2985.0
        ], 
        [
            0.48669590061133394, 
            3093.0
        ], 
        [
            -0.06505369658926417, 
            3085.0
        ], 
        [
            -0.16081358284310407, 
            2930.0
        ]
    ], 
    "0.06 - 0.07": [
        [
            0.9298031491730684, 
            6336.0
        ], 
        [
            0.3479754997453803, 
            6125.0
        ], 
        [
            0.5302287429437283, 
            6106.0
        ], 
        [
            -0.05403653594163185, 
            6177.0
        ], 
        [
            1.0159365759671817, 
            6287.0
        ], 
        [
            0.5788741138810876, 
            6181.0
        ], 
        [
            0.43835632717513606, 
            6134.0
        ], 
        [
            0.46851168340952765, 
            6354.0
        ], 
        [
            0.6527059861250208, 
            6228.0
        ], 
        [
            1.0350250026737218, 
            6235.0
        ]
    ], 
    "0.07 - 0.08": [
        [
            -0.3841669262012493, 
            7119.0
        ], 
        [
            -0.270034125986696, 
            7259.0
        ], 
        [
            -0.5378002463439052, 
            7258.0
        ], 
        [
            -0.8072992637268281, 
            7211.0
        ], 
        [
            -0.6499670889748458, 
            7105.0
        ], 
        [
            -0.3972800514802379, 
            7243.0
        ], 
        [
            -0.542790759023568, 
            7181.0
        ], 
        [
            -0.15774326209065784, 
            7021.0
        ], 
        [
            -0.20728051539966488, 
            7169.0
        ], 
        [
            -0.3373039770276966, 
            7333.0
        ]
    ], 
    "0.08 - 0.09": [
        [
            -0.9452238346632317, 
            5107.0
        ], 
        [
            -0.8034341277683703, 
            5145.0
        ], 
        [
            -1.1374464723254925, 
            5114.0
        ], 
        [
            -0.10665231302405564, 
            5250.0
        ], 
        [
            -1.1156597170270677, 
            5177.0
        ], 
        [
            -0.46832744557670364, 
            5207.0
        ], 
        [
            -1.1180725360430015, 
            5263.0
        ], 
        [
            -1.0927856541197825, 
            5117.0
        ], 
        [
            -0.7911119531610941, 
            5168.0
        ], 
        [
            -1.2255854885441368, 
            5120.0
        ]
    ], 
    "0.09 - 0.1": [
        [
            4.25578231292483, 
            30.0
        ], 
        [
            2.9947089947086765, 
            27.0
        ], 
        [
            2.416390499340586, 
            36.0
        ], 
        [
            -3.476554907677513, 
            21.0
        ], 
        [
            5.7845298833816665, 
            28.0
        ], 
        [
            4.3085714285710965, 
            25.0
        ], 
        [
            7.012755102040754, 
            28.0
        ], 
        [
            5.9546703296699315, 
            26.0
        ], 
        [
            12.494194229415857, 
            29.0
        ], 
        [
            4.2178242264645815, 
            31.0
        ]
    ]
}