{
    "0.03 - 0.04": [
        [
            -1.6573008713171766, 
            524.0
        ], 
        [
            -1.9680696138495009, 
            576.0
        ], 
        [
            -1.0725239788276744, 
            570.0
        ], 
        [
            -1.754194038546575, 
            541.0
        ], 
        [
            -0.8127123662985769, 
            588.0
        ], 
        [
            -1.1293338801094412, 
            553.0
        ], 
        [
            -1.3674291436131911, 
            576.0
        ], 
        [
            -1.750709289064539, 
            527.0
        ], 
        [
            -1.8206819320271967, 
            572.0
        ], 
        [
            -2.1419790074653853, 
            553.0
        ]
    ], 
    "0.04 - 0.05": [
        [
            -1.005087934041094, 
            18273.0
        ], 
        [
            -0.9694873779531029, 
            18390.0
        ], 
        [
            -1.2241963717727349, 
            18606.0
        ], 
        [
            -0.6277730011054181, 
            18393.0
        ], 
        [
            -0.8333891789057835, 
            18436.0
        ], 
        [
            -0.8852210033282693, 
            18414.0
        ], 
        [
            -0.8703734012533275, 
            18145.0
        ], 
        [
            -0.9645061477927441, 
            18410.0
        ], 
        [
            -0.7921610875646125, 
            18470.0
        ], 
        [
            -0.7885298442026282, 
            18682.0
        ]
    ], 
    "0.05 - 0.06": [
        [
            -0.5281278184068986, 
            98025.0
        ], 
        [
            -0.5289411892455588, 
            97377.0
        ], 
        [
            -0.6051535055099678, 
            98279.0
        ], 
        [
            -0.5447081103982867, 
            97549.0
        ], 
        [
            -0.6394739226913094, 
            97701.0
        ], 
        [
            -0.5476272105220408, 
            98335.0
        ], 
        [
            -0.4214573357689794, 
            97674.0
        ], 
        [
            -0.6219333722577505, 
            97904.0
        ], 
        [
            -0.5470862536271601, 
            97975.0
        ], 
        [
            -0.6011776712186805, 
            98024.0
        ]
    ], 
    "0.06 - 0.07": [
        [
            0.22630676657349338, 
            74957.0
        ], 
        [
            0.22631142003173751, 
            74619.0
        ], 
        [
            0.16557276578889374, 
            74336.0
        ], 
        [
            0.28604614090815284, 
            74965.0
        ], 
        [
            0.18832229154290075, 
            74904.0
        ], 
        [
            0.12201457291359984, 
            74620.0
        ], 
        [
            0.13966457568984536, 
            74595.0
        ], 
        [
            0.039803746005258094, 
            74930.0
        ], 
        [
            0.26216602680948536, 
            74807.0
        ], 
        [
            0.2936621810003881, 
            75311.0
        ]
    ], 
    "0.07 - 0.08": [
        [
            0.4055571494321936, 
            80003.0
        ], 
        [
            0.5942008277012121, 
            79726.0
        ], 
        [
            0.5242619710274039, 
            80258.0
        ], 
        [
            0.3803390927704836, 
            79774.0
        ], 
        [
            0.5478378100808644, 
            79472.0
        ], 
        [
            0.3175622938056786, 
            79596.0
        ], 
        [
            0.4651091562937456, 
            79384.0
        ], 
        [
            0.4913056595043935, 
            79433.0
        ], 
        [
            0.45183445648964016, 
            79405.0
        ], 
        [
            0.46172590986864376, 
            79666.0
        ]
    ], 
    "0.08 - 0.09": [
        [
            1.0047481006206749, 
            79401.0
        ], 
        [
            1.0377946671629552, 
            79699.0
        ], 
        [
            0.9821166966374726, 
            79121.0
        ], 
        [
            1.0714306314664672, 
            79111.0
        ], 
        [
            0.9155952104192481, 
            79645.0
        ], 
        [
            0.8885557597628757, 
            79395.0
        ], 
        [
            0.871343771772593, 
            79182.0
        ], 
        [
            0.9197042028504704, 
            79250.0
        ], 
        [
            1.0682212132622235, 
            79165.0
        ], 
        [
            1.0386460070183323, 
            79409.0
        ]
    ], 
    "0.09 - 0.1": [
        [
            2.0863604354922156, 
            1986.0
        ], 
        [
            1.8135006119635628, 
            2058.0
        ], 
        [
            1.534227903922623, 
            2125.0
        ], 
        [
            1.3045235431351403, 
            2125.0
        ], 
        [
            1.3934110504158943, 
            2014.0
        ], 
        [
            1.8215970473041934, 
            2157.0
        ], 
        [
            2.568535074488295, 
            2030.0
        ], 
        [
            2.1226680129834374, 
            2048.0
        ], 
        [
            0.9412061296337172, 
            1981.0
        ], 
        [
            2.0683227033110425, 
            2075.0
        ]
    ]
}