{
    "0.03 - 0.04": [
        [
            -1.217475445856166, 
            710.0
        ], 
        [
            -0.9792904801554648, 
            673.0
        ], 
        [
            -0.4551100952128693, 
            686.0
        ], 
        [
            -1.0998060395898708, 
            691.0
        ], 
        [
            -1.2421793059325832, 
            693.0
        ], 
        [
            -1.358444367895211, 
            722.0
        ], 
        [
            -1.5892543659117175, 
            689.0
        ], 
        [
            -1.1272706806371429, 
            700.0
        ], 
        [
            -0.025649400094121953, 
            649.0
        ], 
        [
            -0.6365200634656257, 
            639.0
        ]
    ], 
    "0.04 - 0.05": [
        [
            -0.4690823362114254, 
            30799.0
        ], 
        [
            -0.5492212629573473, 
            30854.0
        ], 
        [
            -0.6168708948962884, 
            31221.0
        ], 
        [
            -0.4974833281449211, 
            31129.0
        ], 
        [
            -0.6346072643147702, 
            30929.0
        ], 
        [
            -0.6124236020924979, 
            30848.0
        ], 
        [
            -0.5963587646146244, 
            30800.0
        ], 
        [
            -0.6593482883533686, 
            31049.0
        ], 
        [
            -0.6741003581846984, 
            30919.0
        ], 
        [
            -0.6240909338300711, 
            30585.0
        ]
    ], 
    "0.05 - 0.06": [
        [
            -0.4337129860697234, 
            204194.0
        ], 
        [
            -0.38677415768043866, 
            204794.0
        ], 
        [
            -0.4343464372529469, 
            204222.0
        ], 
        [
            -0.40770437584741837, 
            204177.0
        ], 
        [
            -0.4392277839653048, 
            203910.0
        ], 
        [
            -0.4314248148341278, 
            204218.0
        ], 
        [
            -0.4474274988542803, 
            204140.0
        ], 
        [
            -0.4445961349312535, 
            203868.0
        ], 
        [
            -0.41261087067378616, 
            203918.0
        ], 
        [
            -0.44367892044042145, 
            204150.0
        ]
    ], 
    "0.06 - 0.07": [
        [
            -0.15555951804020693, 
            178214.0
        ], 
        [
            -0.18267565929940033, 
            178127.0
        ], 
        [
            -0.2158298579143128, 
            178364.0
        ], 
        [
            -0.06979776509269442, 
            177838.0
        ], 
        [
            -0.15347686193031304, 
            178574.0
        ], 
        [
            -0.167933863979907, 
            177436.0
        ], 
        [
            -0.1675323348443501, 
            177793.0
        ], 
        [
            -0.20564552425177013, 
            178193.0
        ], 
        [
            -0.19044291293228063, 
            178091.0
        ], 
        [
            -0.18932271933595318, 
            178194.0
        ]
    ], 
    "0.07 - 0.08": [
        [
            0.12791391697753582, 
            136500.0
        ], 
        [
            0.09863804289549515, 
            136339.0
        ], 
        [
            0.08129826692342638, 
            136564.0
        ], 
        [
            0.07928393978523098, 
            136295.0
        ], 
        [
            0.004005073627153946, 
            136382.0
        ], 
        [
            -0.0046794492557777805, 
            136436.0
        ], 
        [
            0.09061353130130163, 
            136387.0
        ], 
        [
            0.08518046380424647, 
            135778.0
        ], 
        [
            0.08709854014136705, 
            135897.0
        ], 
        [
            0.09040624463895622, 
            136103.0
        ]
    ], 
    "0.08 - 0.09": [
        [
            0.5528501349392564, 
            146085.0
        ], 
        [
            0.5842306156167103, 
            146013.0
        ], 
        [
            0.48953898072045404, 
            146116.0
        ], 
        [
            0.4901605384937291, 
            145693.0
        ], 
        [
            0.49107200417103675, 
            145629.0
        ], 
        [
            0.5644913075977263, 
            145645.0
        ], 
        [
            0.5543985688921509, 
            145570.0
        ], 
        [
            0.529162710455211, 
            146265.0
        ], 
        [
            0.5370087941849897, 
            146164.0
        ], 
        [
            0.48122545663190874, 
            145665.0
        ]
    ], 
    "0.09 - 0.1": [
        [
            0.5507459269721355, 
            104264.0
        ], 
        [
            0.5537182008721668, 
            104180.0
        ], 
        [
            0.4499683556669323, 
            103683.0
        ], 
        [
            0.5007976571203192, 
            104278.0
        ], 
        [
            0.5299339883969503, 
            103987.0
        ], 
        [
            0.5133590017727118, 
            104375.0
        ], 
        [
            0.5436695965533389, 
            104246.0
        ], 
        [
            0.5451403520968731, 
            103899.0
        ], 
        [
            0.46769836727755887, 
            104093.0
        ], 
        [
            0.4538681943657861, 
            104078.0
        ]
    ], 
    "0.1 - 0.11": [
        [
            1.1969473259204773, 
            212830.0
        ], 
        [
            1.2074352521839082, 
            212806.0
        ], 
        [
            1.170119162571831, 
            213185.0
        ], 
        [
            1.2076967015134839, 
            213226.0
        ], 
        [
            1.2254388345130849, 
            213352.0
        ], 
        [
            1.216489951462881, 
            212918.0
        ], 
        [
            1.2063320489249698, 
            212707.0
        ], 
        [
            1.1889909243273338, 
            212860.0
        ], 
        [
            1.2253036583833612, 
            212873.0
        ], 
        [
            1.2682235033520695, 
            213027.0
        ]
    ], 
    "0.11 - 0.12": [
        [
            1.2376674057497836, 
            100099.0
        ], 
        [
            1.2573263812222133, 
            99664.0
        ], 
        [
            1.2923055177444225, 
            99713.0
        ], 
        [
            1.256264063232313, 
            100129.0
        ], 
        [
            1.2751743690294595, 
            100441.0
        ], 
        [
            1.2683622619219994, 
            100585.0
        ], 
        [
            1.2604825766208414, 
            100273.0
        ], 
        [
            1.2408406451190483, 
            100291.0
        ], 
        [
            1.1986850395790465, 
            100204.0
        ], 
        [
            1.2876863459979004, 
            99527.0
        ]
    ], 
    "0.12 - 0.13": [
        [
            0.9114274481677989, 
            57846.0
        ], 
        [
            0.8453977174905777, 
            57804.0
        ], 
        [
            0.6916790316147292, 
            57976.0
        ], 
        [
            0.7136157137688948, 
            57990.0
        ], 
        [
            0.8047657699821077, 
            58142.0
        ], 
        [
            0.6915398921463373, 
            57656.0
        ], 
        [
            0.8919119464478851, 
            57647.0
        ], 
        [
            0.7682184852351555, 
            57632.0
        ], 
        [
            0.6951504024900416, 
            57731.0
        ], 
        [
            0.7753643933794557, 
            58142.0
        ]
    ],