{
    "0.03 - 0.04": [
        [
            -17.33928571428552, 
            2.0
        ], 
        [
            -6.428571428571437, 
            3.0
        ], 
        [
            0.0, 
            0.0
        ], 
        [
            -12.392857142857135, 
            1.0
        ], 
        [
            0.0, 
            0.0
        ], 
        [
            -1.1785714285715425, 
            1.0
        ], 
        [
            -40.428571428572184, 
            1.0
        ], 
        [
            0.0, 
            0.0
        ], 
        [
            -0.08928571428579257, 
            4.0
        ], 
        [
            -0.0357142857142384, 
            2.0
        ]
    ], 
    "0.04 - 0.05": [
        [
            1.3696142281871184, 
            347.0
        ], 
        [
            -1.3085988077685755, 
            295.0
        ], 
        [
            -1.26201190360462, 
            335.0
        ], 
        [
            1.4328566844807809, 
            289.0
        ], 
        [
            1.0558726807521708, 
            307.0
        ], 
        [
            -0.8501917993812012, 
            275.0
        ], 
        [
            -0.7014243919933114, 
            312.0
        ], 
        [
            -0.5018766140651186, 
            301.0
        ], 
        [
            -1.129856246054467, 
            305.0
        ], 
        [
            1.0725919299943367, 
            293.0
        ]
    ], 
    "0.05 - 0.06": [
        [
            0.6061026881460035, 
            3020.0
        ], 
        [
            0.6184334538733047, 
            3102.0
        ], 
        [
            0.2937211555297395, 
            2993.0
        ], 
        [
            0.6702180452815811, 
            3008.0
        ], 
        [
            0.6551275320172371, 
            3058.0
        ], 
        [
            0.21536822748061618, 
            3041.0
        ], 
        [
            0.7545827661796066, 
            2985.0
        ], 
        [
            0.48669590061133394, 
            3093.0
        ], 
        [
            -0.06505369658926417, 
            3085.0
        ], 
        [
            -0.16081358284310407, 
            2930.0
        ]
    ], 
    "0.06 - 0.07": [
        [
            0.9298031491730684, 
            6336.0
        ], 
        [
            0.3479754997453803, 
            6125.0
        ], 
        [
            0.5302287429437283, 
            6106.0
        ], 
        [
            -0.05403653594163185, 
            6177.0
        ], 
        [
            1.0159365759671817, 
            6287.0
        ], 
        [
            0.5788741138810876, 
            6181.0
        ], 
        [
            0.43835632717513606, 
            6134.0
        ], 
        [
            0.46851168340952765, 
            6354.0
        ], 
        [
            0.6527059861250208, 
            6228.0
        ], 
        [
            1.0350250026737218, 
            6235.0
        ]
    ], 
    "0.07 - 0.08": [
        [
            -0.3841669262012493, 
            7119.0
        ], 
        [
            -0.270034125986696, 
            7259.0
        ], 
        [
            -0.5378002463439052, 
            7258.0
        ], 
        [ 
            -0.8072992637268281, 
            7211.0
        ], 
        [
            -0.6499670889748458, 
            7105.0
        ], 
        [
            -0.3972800514802379, 
            7243.0
        ], 
        [
            -0.542790759023568, 
            7181.0
        ], 
        [
            -0.15774326209065784, 
            7021.0
        ], 
        [
            -0.20728051539966488, 
            7169.0
        ], 
        [
            -0.3373039770276966, 
            7333.0
        ]
    ], 
    "0.08 - 0.09": [
        [
            -0.9285218700901315, 
            5138.0
        ], 
        [
            -0.8194622741804429, 
            5179.0
        ], 
        [
            -1.1270019362761188, 
            5151.0
        ], 
        [
            -0.07779207863599318, 
            5275.0
        ], 
        [
            -1.1218558681686992, 
            5213.0
        ], 
        [
            -0.46348949753970703, 
            5236.0
        ], 
        [
            -1.126512007917111, 
            5296.0
        ], 
        [
            -1.0707277236888315, 
            5149.0
        ], 
        [
            -0.7733845483067316, 
            5205.0
        ], 
        [
            -1.1678549184620486, 
            5162.0
        ]
    ], 
    "0.09 - 0.1": [
        [
            1.0146320838013427, 
            2201.0
        ], 
        [
            0.7514520531855183, 
            2220.0
        ], 
        [
            0.8005632787445643, 
            2264.0
        ], 
        [
            0.8881358374608251, 
            2197.0
        ], 
        [
            1.442340019405195, 
            2170.0
        ], 
        [
            0.5567620008290994, 
            2215.0
        ], 
        [
            0.9777402265180308, 
            2160.0
        ], 
        [
            0.07954897959531103, 
            2130.0
        ], 
        [
            0.9332186251654059, 
            2162.0
        ], 
        [
            1.6116276093283253, 
            2244.0
        ]
    ], 
    "0.1 - 0.11": [
        [
            1.7137070054910377, 
            5161.0
        ], 
        [
            1.5279701611014105, 
            4928.0
        ], 
        [
            1.380812605052493, 
            5070.0
        ], 
        [
            1.3850792737358162, 
            5002.0
        ], 
        [
            1.5386124521457634, 
            4970.0
        ], 
        [
            2.1349057732970853, 
            4997.0
        ], 
        [
            1.0864924017862831, 
            5026.0
        ], 
        [
            2.0696134741323036, 
            4964.0
        ], 
        [
            1.3131203325632637, 
            4887.0
        ], 
        [
            1.4408639903260008, 
            5032.0
        ]
    ], 
    "0.11 - 0.12": [
        [
            1.2953802712125262, 
            1556.0
        ], 
        [
            1.2843944392039988, 
            1576.0
        ], 
        [
            0.9172633117040141, 
            1622.0
        ], 
        [
            1.7264554097282847, 
            1531.0
        ], 
        [
            1.3173638698881267, 
            1648.0
        ], 
        [
            2.6764395096523397, 
            1616.0
        ], 
        [
            1.2637290174289235, 
            1660.0
        ], 
        [
            0.7723656740106285, 
            1591.0
        ], 
        [
            0.7531841900236474, 
            1559.0
        ], 
        [
            1.1663282341290122, 
            1613.0
        ]
    ], 
    "0.12 - 0.13": [
        [
            3.12523631190306, 
            2329.0
        ], 
        [
            2.362231977675265, 
            2315.0
        ], 
        [
            2.972330572199715, 
            2361.0
        ], 
        [
            2.44630103734713, 
            2309.0
        ], 
        [
            1.8845689685458695, 
            2234.0
        ], 
        [
            3.099756650819721, 
            2328.0
        ], 
        [
            1.9197074358574044, 
            2335.0
        ], 
        [
            2.609827166637159, 
            2386.0
        ], 
        [
            2.874587072640615, 
            2381.0
        ], 
        [
            1.8698081182384436, 
            2341.0
        ]
    ],