{
    "0.07 - 0.08": [
        [
            -0.5239499999999997, 
            1.0
        ], 
        [
            0.0, 
            0.0
        ], 
        [
            0.0, 
            0.0
        ], 
        [
            0.0, 
            0.0
        ], 
        [
            -0.48184999999999983, 
            1.0
        ], 
        [
            0.0, 
            0.0
        ], 
        [
            0.0, 
            0.0
        ], 
        [
            -0.42369999999999985, 
            1.0
        ], 
        [
            0.0, 
            0.0
        ], 
        [
            0.0, 
            0.0
        ]
    ], 
    "0.08 - 0.09": [
        [
            0.1479066322913969, 
            3443.0
        ], 
        [
            0.14668329045387396, 
            3571.0
        ], 
        [
            0.14666453504387741, 
            3593.0
        ], 
        [
            0.14915342462609957, 
            3449.0
        ], 
        [
            0.15078177186046907, 
            3562.0
        ], 
        [
            0.14628020727517577, 
            3521.0
        ], 
        [
            0.14897731784363186, 
            3687.0
        ], 
        [
            0.14793569110912305, 
            3626.0
        ], 
        [
            0.15249912814023184, 
            3552.0
        ], 
        [
            0.14636268331385985, 
            3681.0
        ]
    ], 
    "0.09 - 0.1": [
        [
            0.22450901419420058, 
            97966.0
        ], 
        [
            0.22473338573969362, 
            98579.0
        ], 
        [
            0.22675144587165968, 
            98564.0
        ], 
        [
            0.22631088735784852, 
            98659.0
        ], 
        [
            0.22601713722795516, 
            98909.0
        ], 
        [
            0.2260875951591346, 
            99000.0
        ], 
        [
            0.22577832642731527, 
            98919.0
        ], 
        [
            0.22415828559776135, 
            98839.0
        ], 
        [
            0.22460716260325317, 
            98805.0
        ], 
        [
            0.2266422248214119, 
            97728.0
        ]
    ], 
    "0.1 - 0.11": [
        [
            0.3059782993497504, 
            213022.0
        ], 
        [
            0.30596044361163316, 
            213011.0
        ], 
        [
            0.3058489443152104, 
            212968.0
        ], 
        [
            0.3050422350305925, 
            213810.0
        ], 
        [
            0.3052475102446545, 
            212941.0
        ], 
        [
            0.30464326580844797, 
            212833.0
        ], 
        [
            0.3058814409122483, 
            212878.0
        ], 
        [
            0.3048435363768613, 
            212858.0
        ], 
        [
            0.30535360252819616, 
            212678.0
        ], 
        [
            0.305298976465158, 
            212780.0
        ]
    ], 
    "0.11 - 0.12": [
        [
            0.3550813960137057, 
            99476.0
        ], 
        [
            0.35739546202240347, 
            100597.0
        ], 
        [
            0.35483694520916864, 
            100184.0
        ], 
        [
            0.35751910153710986, 
            100410.0
        ], 
        [
            0.3561224248591124, 
            100190.0
        ], 
        [
            0.3558744002212534, 
            100061.0
        ], 
        [
            0.3553576063076125, 
            100054.0
        ], 
        [
            0.35765098381641747, 
            100340.0
        ], 
        [
            0.35527363234126336, 
            99950.0
        ], 
        [
            0.35762624745644433, 
            99664.0
        ]
    ], 
    "0.12 - 0.13": [
        [
            0.5097249214950046, 
            57825.0
        ], 
        [
            0.5066489153911542, 
            57292.0
        ], 
        [
            0.5079495956957639, 
            57556.0
        ], 
        [
            0.5059111402718707, 
            58224.0
        ], 
        [
            0.5056094509313157, 
            58358.0
        ], 
        [
            0.505831502722422, 
            57637.0
        ], 
        [
            0.5082612693191121, 
            58172.0
        ], 
        [
            0.5087932385922584, 
            57811.0
        ], 
        [
            0.5055189686795616, 
            57943.0
        ], 
        [
            0.5097826461050442, 
            57748.0
        ]
    ], 
    "0.13 - 0.14": [
        [
            0.6127258481387496, 
            105183.0
        ], 
        [
            0.6090581898110577, 
            104928.0
        ], 
        [
            0.6145028462275249, 
            105352.0
        ], 
        [
            0.6136481403971307, 
            105128.0
        ], 
        [
            0.6119322637483521, 
            104775.0
        ], 
        [
            0.6124888332047838, 
            105123.0
        ], 
        [
            0.612043979729692, 
            104807.0
        ], 
        [
            0.612164455051865, 
            105189.0
        ], 
        [
            0.6117919243011584, 
            104999.0
        ], 
        [
            0.6141674856007155, 
            105401.0
        ]
    ], 
    "0.14 - 0.15": [
        [
            0.8192630288071124, 
            75888.0
        ], 
        [
            0.8209389171517456, 
            76144.0
        ], 
        [
            0.8178656850128454, 
            77051.0
        ], 
        [
            0.8170760920239025, 
            76039.0
        ], 
        [
            0.8177455791910313, 
            76487.0
        ], 
        [
            0.8187663120305452, 
            76004.0
        ], 
        [
            0.8194648770739776, 
            75633.0
        ], 
        [
            0.8175286680002884, 
            76591.0
        ], 
        [
            0.8169350700633508, 
            76354.0
        ], 
        [
            0.8185870260044052, 
            76284.0
        ]
    ], 
    "0.15 - 0.16": [
        [
            0.9583396539617981, 
            81817.0
        ], 
        [
            0.9608479789579069, 
            81673.0
        ], 
        [
            0.9608147636507085, 
            81208.0
        ], 
        [
            0.9606191898499602, 
            81659.0
        ], 
        [
            0.9599026848355995, 
            81205.0
        ], 
        [
            0.9595152266787995, 
            81443.0
        ], 
        [
            0.9592519996658669, 
            81949.0
        ], 
        [
            0.9605598122873515, 
            81642.0
        ], 
        [
            0.9599977955457397, 
            80996.0
        ], 
        [
            0.9586311331543763, 
            81502.0
        ]
    ], 
    "0.16 - 0.17": [
        [
            1.0245287265617473, 
            22688.0
        ], 
        [
            1.0321570794274728, 
            22987.0
        ], 
        [
            1.0268111705913634, 
            23025.0
        ], 
        [
            1.0297916293717668, 
            22960.0
        ], 
        [
            1.033954572894573, 
            23004.0
        ], 
        [
            1.0280560472580715, 
            22937.0
        ], 
        [
            1.025981013709508, 
            22636.0
        ], 
        [
            1.0192919400038978, 
            22624.0
        ], 
        [
            1.027697924191812, 
            22752.0
        ], 
        [
            1.0281871133290004, 
            22819.0
        ]
    ],