{
    "0.03 - 0.04": [
        [
            0.04179565492110254, 
            587.0
        ], 
        [
            0.04389228430477289, 
            538.0
        ], 
        [
            0.04081436835799554, 
            538.0
        ], 
        [
            0.04618126201946605, 
            538.0
        ], 
        [
            0.03234454001549319, 
            611.0
        ], 
        [
            0.04597995606061051, 
            553.0
        ], 
        [
            0.04366480205177937, 
            517.0
        ], 
        [
            0.03177726708332895, 
            573.0
        ], 
        [
            0.024052853312073554, 
            560.0
        ], 
        [
            0.04783624391237302, 
            565.0
        ]
    ], 
    "0.04 - 0.05": [
        [
            0.038089604197390055, 
            18641.0
        ], 
        [
            0.03539827570464462, 
            18371.0
        ], 
        [
            0.041155387997245, 
            18471.0
        ], 
        [
            0.035887574126626604, 
            18489.0
        ], 
        [
            0.0362054479207798, 
            18531.0
        ], 
        [
            0.03688099051604472, 
            18371.0
        ], 
        [
            0.036260673762448556, 
            18449.0
        ], 
        [
            0.03898658757479718, 
            18237.0
        ], 
        [
            0.03689503183540601, 
            18258.0
        ], 
        [
            0.03738895269689459, 
            18401.0
        ]
    ], 
    "0.05 - 0.06": [
        [
            0.05480968698324698, 
            98204.0
        ], 
        [
            0.05570502848385443, 
            97887.0
        ], 
        [
            0.05470891851057314, 
            97919.0
        ], 
        [
            0.0543810158979873, 
            97974.0
        ], 
        [
            0.056284395273709424, 
            97837.0
        ], 
        [
            0.05506274259451497, 
            97760.0
        ], 
        [
            0.054012339221905716, 
            97897.0
        ], 
        [
            0.05482182300056999, 
            97437.0
        ], 
        [
            0.056123443877354955, 
            97963.0
        ], 
        [
            0.055736657903537185, 
            97965.0
        ]
    ], 
    "0.06 - 0.07": [
        [
            0.11189059226674393, 
            75100.0
        ], 
        [
            0.11065521671509981, 
            74885.0
        ], 
        [
            0.1133438880276825, 
            75152.0
        ], 
        [
            0.112883531043089, 
            74468.0
        ], 
        [
            0.11153948463605387, 
            74895.0
        ], 
        [
            0.11276790083697613, 
            74583.0
        ], 
        [
            0.11151585749469543, 
            75129.0
        ], 
        [
            0.1103703102801191, 
            74740.0
        ], 
        [
            0.11234830421896247, 
            74466.0
        ], 
        [
            0.11310570825919755, 
            74626.0
        ]
    ], 
    "0.07 - 0.08": [
        [
            0.1584899273613937, 
            79629.0
        ], 
        [
            0.15755622649733017, 
            79620.0
        ], 
        [
            0.15897054948176342, 
            79724.0
        ], 
        [
            0.1591572971113519, 
            79884.0
        ], 
        [
            0.16046839953839045, 
            79333.0
        ], 
        [
            0.16030875636557088, 
            79327.0
        ], 
        [
            0.15977857968832607, 
            80072.0
        ], 
        [
            0.15867989161726267, 
            79576.0
        ], 
        [
            0.15939920793311937, 
            79944.0
        ], 
        [
            0.16069799503744878, 
            79608.0
        ]
    ], 
    "0.08 - 0.09": [
        [
            0.19097434562463084, 
            79729.0
        ], 
        [
            0.1913527194186221, 
            79270.0
        ], 
        [
            0.19106253064246798, 
            79663.0
        ], 
        [
            0.19020275348368418, 
            79279.0
        ], 
        [
            0.1922106840675064, 
            79277.0
        ], 
        [
            0.19009720201943534, 
            78976.0
        ], 
        [
            0.18886611354501234, 
            79210.0
        ], 
        [
            0.18935728562663098, 
            79691.0
        ], 
        [
            0.19002381155382825, 
            78790.0
        ], 
        [
            0.19067056722550374, 
            79493.0
        ]
    ], 
    "0.09 - 0.1": [
        [
            0.18524109227476004, 
            2024.0
        ], 
        [
            0.18808082965159867, 
            2091.0
        ], 
        [
            0.19508499107760613, 
            2050.0
        ], 
        [
            0.1901950826462466, 
            2073.0
        ], 
        [
            0.18516763384374224, 
            1960.0
        ], 
        [
            0.1841406417360264, 
            2009.0
        ], 
        [
            0.18690057822281297, 
            2097.0
        ], 
        [
            0.18465309647376055, 
            2076.0
        ], 
        [
            0.18654823995756253, 
            2131.0
        ], 
        [
            0.1906188710348325, 
            2088.0
        ]
    ]
}