{
    "0.07 - 0.08": [
        [
            0.0, 
            0.0
        ], 
        [
            0.0, 
            0.0
        ], 
        [
            0.0, 
            0.0
        ], 
        [
            0.0, 
            0.0
        ], 
        [
            -0.3879, 
            2.0
        ], 
        [
            0.0, 
            0.0
        ], 
        [
            0.0, 
            0.0
        ], 
        [
            0.0, 
            0.0
        ], 
        [
            0.0, 
            0.0
        ], 
        [
            0.0, 
            0.0
        ]
    ], 
    "0.08 - 0.09": [
        [
            0.1611750810816356, 
            1236.0
        ], 
        [
            0.1578374375745651, 
            1321.0
        ], 
        [
            0.15496231944071318, 
            1305.0
        ], 
        [
            0.16155057414969498, 
            1337.0
        ], 
        [
            0.16582219087081984, 
            1360.0
        ], 
        [
            0.14908168163594043, 
            1329.0
        ], 
        [
            0.15786649140559772, 
            1329.0
        ], 
        [
            0.14954158934873749, 
            1278.0
        ], 
        [
            0.15835946461908423, 
            1354.0
        ], 
        [
            0.15554156349026294, 
            1340.0
        ]
    ], 
    "0.09 - 0.1": [
        [
            0.23249097395386212, 
            46291.0
        ], 
        [
            0.23147404408144936, 
            46524.0
        ], 
        [
            0.23319720745824388, 
            46874.0
        ], 
        [
            0.23200885088069456, 
            46392.0
        ], 
        [
            0.23209738625485712, 
            46635.0
        ], 
        [
            0.2333864753732403, 
            46310.0
        ], 
        [
            0.233541342159287, 
            46640.0
        ], 
        [
            0.23275486445638272, 
            46558.0
        ], 
        [
            0.23308617885356694, 
            46597.0
        ], 
        [
            0.23479868521765018, 
            47043.0
        ]
    ], 
    "0.1 - 0.11": [
        [
            0.316962414098729, 
            104769.0
        ], 
        [
            0.3155812070135982, 
            105108.0
        ], 
        [
            0.31544672698535975, 
            104732.0
        ], 
        [
            0.3149664938430094, 
            104886.0
        ], 
        [
            0.31595855273894896, 
            105069.0
        ], 
        [
            0.3184351576713482, 
            105353.0
        ], 
        [
            0.3155425902497401, 
            104947.0
        ], 
        [
            0.31556574763928325, 
            104722.0
        ], 
        [
            0.31472756401722624, 
            105010.0
        ], 
        [
            0.31694405748199267, 
            105736.0
        ]
    ], 
    "0.11 - 0.12": [
        [
            0.3774433233602788, 
            42463.0
        ], 
        [
            0.3768708733811799, 
            42663.0
        ], 
        [
            0.37565039713841475, 
            42223.0
        ], 
        [
            0.3746846309109944, 
            42578.0
        ], 
        [
            0.3776702380983331, 
            42221.0
        ], 
        [
            0.3757422611316154, 
            42350.0
        ], 
        [
            0.3749404136195899, 
            42794.0
        ], 
        [
            0.37523327300593484, 
            42535.0
        ], 
        [
            0.37476697033218026, 
            42567.0
        ], 
        [
            0.3783739142240524, 
            42614.0
        ]
    ], 
    "0.12 - 0.13": [
        [
            0.5349845494913937, 
            23464.0
        ], 
        [
            0.5371108461492191, 
            23756.0
        ], 
        [
            0.53263745003801, 
            24054.0
        ], 
        [
            0.5329690861814378, 
            23839.0
        ], 
        [
            0.535257740301387, 
            24103.0
        ], 
        [
            0.5317473607287104, 
            24037.0
        ], 
        [
            0.5312969387131043, 
            23864.0
        ], 
        [
            0.5312269033222803, 
            23781.0
        ], 
        [
            0.5334936555545073, 
            23866.0
        ], 
        [
            0.5376124947802347, 
            23874.0
        ]
    ], 
    "0.13 - 0.14": [
        [
            0.677093322379762, 
            47680.0
        ], 
        [
            0.6736329868713884, 
            48094.0
        ], 
        [
            0.6660202304943936, 
            47269.0
        ], 
        [
            0.6722693047596845, 
            47627.0
        ], 
        [
            0.6709782196045987, 
            48053.0
        ], 
        [
            0.6710774713250702, 
            47668.0
        ], 
        [
            0.6731665466288531, 
            48039.0
        ], 
        [
            0.6713776039615525, 
            47795.0
        ], 
        [
            0.6741066513228656, 
            47654.0
        ], 
        [
            0.6697872810841904, 
            47796.0
        ]
    ], 
    "0.14 - 0.15": [
        [
            0.9893299641435198, 
            33158.0
        ], 
        [
            0.993658518657501, 
            32971.0
        ], 
        [
            0.9903108907319829, 
            33356.0
        ], 
        [
            0.9870513740560319, 
            33207.0
        ], 
        [
            0.9909902435573437, 
            33260.0
        ], 
        [
            0.9857388135908501, 
            33298.0
        ], 
        [
            0.9891045356215741, 
            33196.0
        ], 
        [
            0.9911673198033991, 
            33243.0
        ], 
        [
            0.9878792166512966, 
            33279.0
        ], 
        [
            0.9955066203686832, 
            33147.0
        ]
    ], 
    "0.15 - 0.16": [
        [
            1.2013744484783617, 
            35253.0
        ], 
        [
            1.1955067985131838, 
            35358.0
        ], 
        [
            1.20068416228622, 
            35405.0
        ], 
        [
            1.1949745340036837, 
            35217.0
        ], 
        [
            1.2005555873958351, 
            34933.0
        ], 
        [
            1.1983831472533923, 
            35243.0
        ], 
        [
            1.2015664844579483, 
            35431.0
        ], 
        [
            1.1974739879393983, 
            35208.0
        ], 
        [
            1.1986257347641065, 
            35356.0
        ], 
        [
            1.204355999275161, 
            35384.0
        ]
    ], 
    "0.16 - 0.17": [
        [
            1.2896528044739715, 
            7085.0
        ], 
        [
            1.297856257038636, 
            7355.0
        ], 
        [
            1.2911118837932198, 
            7348.0
        ], 
        [
            1.303820785887744, 
            7275.0
        ], 
        [
            1.3002045594814389, 
            7233.0
        ], 
        [
            1.3043971122227185, 
            7114.0
        ], 
        [
            1.292104145615959, 
            7250.0
        ], 
        [
            1.2986282099093351, 
            7389.0
        ], 
        [
            1.2959946464254506, 
            7152.0
        ], 
        [
            1.2839854861793736, 
            7296.0
        ]
    ]
}