{
    "0.03 - 0.04": [
        [
            0.01745126389769192, 
            681.0
        ], 
        [
            0.021988328117119746, 
            703.0
        ], 
        [
            0.026312247172234942, 
            645.0
        ], 
        [
            0.040886540935482926, 
            677.0
        ], 
        [
            0.01994530902540113, 
            702.0
        ], 
        [
            0.02123065867165996, 
            692.0
        ], 
        [
            0.021172638718931297, 
            653.0
        ], 
        [
            0.022541599152596924, 
            721.0
        ], 
        [
            0.020259885076604235, 
            688.0
        ], 
        [
            0.01565119457053243, 
            690.0
        ]
    ], 
    "0.04 - 0.05": [
        [
            0.037616876524383266, 
            31019.0
        ], 
        [
            0.03773449337505206, 
            30940.0
        ], 
        [
            0.03808074544457564, 
            30933.0
        ], 
        [
            0.03797336916650381, 
            30854.0
        ], 
        [
            0.03945127135846571, 
            30948.0
        ], 
        [
            0.03889501244391564, 
            31086.0
        ], 
        [
            0.037450535096858036, 
            30668.0
        ], 
        [
            0.03789604989883881, 
            31082.0
        ], 
        [
            0.039409969563759445, 
            30677.0
        ], 
        [
            0.040068772441938724, 
            30926.0
        ]
    ], 
    "0.05 - 0.06": [
        [
            0.06059457021974936, 
            203645.0
        ], 
        [
            0.06109950779923263, 
            203636.0
        ], 
        [
            0.062265833116785456, 
            203914.0
        ], 
        [
            0.060394299538754845, 
            204244.0
        ], 
        [
            0.06060946786323319, 
            203742.0
        ], 
        [
            0.06058723012203294, 
            204370.0
        ], 
        [
            0.06106512036570539, 
            203755.0
        ], 
        [
            0.06038055248856697, 
            204700.0
        ], 
        [
            0.061417220820637365, 
            205458.0
        ], 
        [
            0.06086579154676417, 
            204127.0
        ]
    ], 
    "0.06 - 0.07": [
        [
            0.1053158839060497, 
            177785.0
        ], 
        [
            0.10420028031213718, 
            177578.0
        ], 
        [
            0.1046837751957569, 
            178268.0
        ], 
        [
            0.10407469321191729, 
            178552.0
        ], 
        [
            0.10354448038397583, 
            178399.0
        ], 
        [
            0.10439368162033079, 
            178127.0
        ], 
        [
            0.104404682073373, 
            178294.0
        ], 
        [
            0.10463180393130124, 
            178222.0
        ], 
        [
            0.10429552055390505, 
            178206.0
        ], 
        [
            0.10494501632196998, 
            177393.0
        ]
    ], 
    "0.07 - 0.08": [
        [
            0.13784036938266855, 
            136104.0
        ], 
        [
            0.13951425480167068, 
            136641.0
        ], 
        [
            0.13940899556442557, 
            135665.0
        ], 
        [
            0.13780924531258998, 
            136426.0
        ], 
        [
            0.13829430856582633, 
            136345.0
        ], 
        [
            0.13821066285960193, 
            136781.0
        ], 
        [
            0.1390266496643348, 
            135929.0
        ], 
        [
            0.13812614480406268, 
            136159.0
        ], 
        [
            0.13858417713654964, 
            136242.0
        ], 
        [
            0.13911978554000687, 
            136386.0
        ]
    ], 
    "0.08 - 0.09": [
        [
            0.1696431127946646, 
            141589.0
        ], 
        [
            0.16949823123349064, 
            141797.0
        ], 
        [
            0.16911809538814615, 
            142537.0
        ], 
        [
            0.16960726227946674, 
            142422.0
        ], 
        [
            0.16959306921758419, 
            143186.0
        ], 
        [
            0.16915811349911203, 
            141914.0
        ], 
        [
            0.17032492582938866, 
            142959.0
        ], 
        [
            0.17036306535945148, 
            142059.0
        ], 
        [
            0.17036802955587174, 
            141934.0
        ], 
        [
            0.16984265677219396, 
            142763.0
        ]
    ], 
    "0.09 - 0.1": [
        [
            0.1762285916696126, 
            5494.0
        ], 
        [
            0.17981715465561296, 
            5474.0
        ], 
        [
            0.177663907490427, 
            5503.0
        ], 
        [
            0.17655493404329417, 
            5531.0
        ], 
        [
            0.1739172630002828, 
            5483.0
        ], 
        [
            0.17331980352028176, 
            5518.0
        ], 
        [
            0.17449169024848207, 
            5504.0
        ], 
        [
            0.17582478026933607, 
            5604.0
        ], 
        [
            0.17387691784767748, 
            5540.0
        ], 
        [
            0.17598371045723432, 
            5464.0
        ]
    ], 
    "0.1 - 0.11": [
        [
            0.0, 
            0.0
        ], 
        [
            0.0, 
            0.0
        ], 
        [
            0.5867500000000004, 
            1.0
        ], 
        [
            0.553, 
            1.0
        ], 
        [
            0.0, 
            0.0
        ], 
        [
            0.6524999999999999, 
            1.0
        ], 
        [
            0.0, 
            0.0
        ], 
        [
            0.68235, 
            1.0
        ], 
        [
            0.6190000000000001, 
            1.0
        ], 
        [
            0.0, 
            0.0
        ]
    ]
}