{
    "0.03 - 0.04": [
        [
            0.026945698129420537, 
            708.0
        ], 
        [
            0.019001677751181344, 
            663.0
        ], 
        [
            0.020065169363142486, 
            724.0
        ], 
        [
            0.023065111805054057, 
            639.0
        ], 
        [
            0.025720305910292233, 
            647.0
        ], 
        [
            0.03162894840664196, 
            673.0
        ], 
        [
            0.020361381152309687, 
            724.0
        ], 
        [
            0.02257705329415465, 
            696.0
        ], 
        [
            0.02189672095300826, 
            684.0
        ], 
        [
            0.019545683850926743, 
            694.0
        ]
    ], 
    "0.04 - 0.05": [
        [
            0.048351711053167275, 
            31024.0
        ], 
        [
            0.04578460444957807, 
            30756.0
        ], 
        [
            0.04596511656704785, 
            30877.0
        ], 
        [
            0.04560857375872115, 
            30851.0
        ], 
        [
            0.04573588102142859, 
            30868.0
        ], 
        [
            0.04531648171909036, 
            31085.0
        ], 
        [
            0.04513463153449907, 
            30782.0
        ], 
        [
            0.04728175826676374, 
            30962.0
        ], 
        [
            0.045525222958828625, 
            31041.0
        ], 
        [
            0.04536065653386881, 
            30887.0
        ]
    ], 
    "0.05 - 0.06": [
        [
            0.05312982981620744, 
            204532.0
        ], 
        [
            0.0535568535949126, 
            203658.0
        ], 
        [
            0.05397073159110967, 
            203993.0
        ], 
        [
            0.05261454434661238, 
            203756.0
        ], 
        [
            0.05343829415252884, 
            203349.0
        ], 
        [
            0.053744393273781756, 
            204897.0
        ], 
        [
            0.05401254193049591, 
            205046.0
        ], 
        [
            0.05340476755666867, 
            204256.0
        ], 
        [
            0.05348812956101626, 
            204642.0
        ], 
        [
            0.05348604680789145, 
            203462.0
        ]
    ], 
    "0.06 - 0.07": [
        [
            0.04744334107562508, 
            178037.0
        ], 
        [
            0.04807326631899824, 
            178231.0
        ], 
        [
            0.047622444012759654, 
            177818.0
        ], 
        [
            0.04815801099386736, 
            178550.0
        ], 
        [
            0.04813259695337824, 
            178253.0
        ], 
        [
            0.047742008983465534, 
            177724.0
        ], 
        [
            0.04886646262368143, 
            177774.0
        ], 
        [
            0.048134520196246, 
            178071.0
        ], 
        [
            0.048480635977634294, 
            178448.0
        ], 
        [
            0.04807388333067947, 
            177918.0
        ]
    ], 
    "0.07 - 0.08": [
        [
            0.07090808924588608, 
            136007.0
        ], 
        [
            0.07064126745675114, 
            135969.0
        ], 
        [
            0.0697031185217463, 
            136621.0
        ], 
        [
            0.07087015523361319, 
            136117.0
        ], 
        [
            0.07090506118482334, 
            136166.0
        ], 
        [
            0.07152888089605623, 
            136690.0
        ], 
        [
            0.06987989603856051, 
            136011.0
        ], 
        [
            0.07002699584975676, 
            136804.0
        ], 
        [
            0.07007818947940525, 
            136014.0
        ], 
        [
            0.07117820283976184, 
            136282.0
        ]
    ], 
    "0.08 - 0.09": [
        [
            0.07726066754203073, 
            146132.0
        ], 
        [
            0.07750920308270887, 
            146121.0
        ], 
        [
            0.07700021619645554, 
            145469.0
        ], 
        [
            0.07713533483909951, 
            146584.0
        ], 
        [
            0.07668920206341222, 
            145567.0
        ], 
        [
            0.07745664390687784, 
            145192.0
        ], 
        [
            0.07655598086189447, 
            145439.0
        ], 
        [
            0.07659217415920153, 
            146277.0
        ], 
        [
            0.0769826154793764, 
            145719.0
        ], 
        [
            0.07812538780755694, 
            146345.0
        ]
    ], 
    "0.09 - 0.1": [
        [
            0.07835567280112614, 
            104185.0
        ], 
        [
            0.07701221093144099, 
            104384.0
        ], 
        [
            0.07814418356964727, 
            104009.0
        ], 
        [
            0.07702212911089648, 
            104178.0
        ], 
        [
            0.07794291075606542, 
            103768.0
        ], 
        [
            0.07815481730258078, 
            104276.0
        ], 
        [
            0.07766906135226775, 
            103477.0
        ], 
        [
            0.0770894901840615, 
            103879.0
        ], 
        [
            0.07716901309100578, 
            104224.0
        ], 
        [
            0.07670438696732783, 
            104703.0
        ]
    ], 
    "0.1 - 0.11": [
        [
            0.0951796019386972, 
            212497.0
        ], 
        [
            0.09487126478759852, 
            212786.0
        ], 
        [
            0.09477385273097055, 
            212528.0
        ], 
        [
            0.09467364936261473, 
            213363.0
        ], 
        [
            0.09477369686430849, 
            212877.0
        ], 
        [
            0.09547123341871325, 
            213006.0
        ], 
        [
            0.09423197285551621, 
            213251.0
        ], 
        [
            0.09555353641779679, 
            213345.0
        ], 
        [
            0.09551129768787923, 
            213289.0
        ], 
        [
            0.09422482097030063, 
            212842.0
        ]
    ], 
    "0.11 - 0.12": [
        [
            0.09753872368512052, 
            100015.0
        ], 
        [
            0.09936362123421755, 
            100792.0
        ], 
        [
            0.0975316026840366, 
            100155.0
        ], 
        [
            0.0978919340267229, 
            100259.0
        ], 
        [
            0.09809446933527574, 
            99729.0
        ], 
        [
            0.09969258886363197, 
            100024.0
        ], 
        [
            0.09752325808396362, 
            100063.0
        ], 
        [
            0.09778267132698053, 
            99943.0
        ], 
        [
            0.09864229208206908, 
            99531.0
        ], 
        [
            0.09709110368372416, 
            100415.0
        ]
    ], 
    "0.12 - 0.13": [
        [
            0.10326289388444077, 
            57627.0
        ], 
        [
            0.102307149179038, 
            57867.0
        ], 
        [
            0.10319264458355426, 
            57694.0
        ], 
        [
            0.10408445430968129, 
            58148.0
        ], 
        [
            0.10288863952959165, 
            58347.0
        ], 
        [
            0.10133315952969818, 
            57705.0
        ], 
        [
            0.10384743288416605, 
            57635.0
        ], 
        [
            0.10140331671060863, 
            57894.0
        ], 
        [
            0.10432274799520987, 
            57859.0
        ], 
        [
            0.10172138575173378, 
            57790.0
        ]
    ],