{
    "0.08 - 0.09": [
        [
            0.1494419020386072, 
            226.0
        ], 
        [
            0.17381514945633594, 
            198.0
        ], 
        [
            0.15200543736915514, 
            220.0
        ], 
        [
            0.17144363700292076, 
            217.0
        ], 
        [
            0.1638994448503141, 
            222.0
        ], 
        [
            0.145542081942294, 
            205.0
        ], 
        [
            0.16444538737142916, 
            233.0
        ], 
        [
            0.15925873395934123, 
            222.0
        ], 
        [
            0.15342038312701053, 
            213.0
        ], 
        [
            0.15091711871691185, 
            219.0
        ]
    ], 
    "0.09 - 0.1": [
        [
            0.266390618951144, 
            6307.0
        ], 
        [
            0.2638874611757839, 
            6189.0
        ], 
        [
            0.26714866479429844, 
            6321.0
        ], 
        [
            0.26242729566571865, 
            6162.0
        ], 
        [
            0.26284746415635607, 
            6062.0
        ], 
        [
            0.2664929834045065, 
            6221.0
        ], 
        [
            0.26548946908566684, 
            6303.0
        ], 
        [
            0.2671144272461021, 
            6101.0
        ], 
        [
            0.2652823203628891, 
            6223.0
        ], 
        [
            0.26888070023289384, 
            6174.0
        ]
    ], 
    "0.1 - 0.11": [
        [
            0.34480890585526575, 
            15877.0
        ], 
        [
            0.3411251503636534, 
            16001.0
        ], 
        [
            0.3444634805369951, 
            15884.0
        ], 
        [
            0.3452785445820706, 
            16027.0
        ], 
        [
            0.34248373602611687, 
            16017.0
        ], 
        [
            0.3475793203565402, 
            15974.0
        ], 
        [
            0.3467817232149263, 
            15876.0
        ], 
        [
            0.34479301604928814, 
            16025.0
        ], 
        [
            0.3443881115333721, 
            15938.0
        ], 
        [
            0.34156931961538783, 
            16039.0
        ]
    ], 
    "0.11 - 0.12": [
        [
            0.3878709599939724, 
            10823.0
        ], 
        [
            0.37720185231209596, 
            10843.0
        ], 
        [
            0.3839847646214733, 
            10989.0
        ], 
        [
            0.3807810247272145, 
            10971.0
        ], 
        [
            0.3796680831105458, 
            10854.0
        ], 
        [
            0.38065854254609155, 
            10843.0
        ], 
        [
            0.3790169073689947, 
            10861.0
        ], 
        [
            0.3834508320748805, 
            10730.0
        ], 
        [
            0.3829213420468939, 
            10910.0
        ], 
        [
            0.3860641860812384, 
            10799.0
        ]
    ], 
    "0.12 - 0.13": [
        [
            0.4859330375303149, 
            2614.0
        ], 
        [
            0.4911924584932221, 
            2573.0
        ], 
        [
            0.4802580023363385, 
            2614.0
        ], 
        [
            0.4806918824290725, 
            2571.0
        ], 
        [
            0.4881741618210891, 
            2597.0
        ], 
        [
            0.48757549841444026, 
            2597.0
        ], 
        [
            0.4860407815691401, 
            2627.0
        ], 
        [
            0.47570604956325474, 
            2690.0
        ], 
        [
            0.49234887536878463, 
            2563.0
        ], 
        [
            0.48318014898131234, 
            2642.0
        ]
    ], 
    "0.13 - 0.14": [
        [
            0.578531436549749, 
            4818.0
        ], 
        [
            0.5832036934439834, 
            4899.0
        ], 
        [
            0.5842827860399062, 
            4771.0
        ], 
        [
            0.5884617230576429, 
            4876.0
        ], 
        [
            0.5841964714143396, 
            4738.0
        ], 
        [
            0.5796499608501084, 
            4821.0
        ], 
        [
            0.589972918290456, 
            4782.0
        ], 
        [
            0.5840985044365296, 
            4830.0
        ], 
        [
            0.5812630046723338, 
            4931.0
        ], 
        [
            0.5776404445018144, 
            4797.0
        ]
    ], 
    "0.14 - 0.15": [
        [
            0.9169438469257624, 
            2272.0
        ], 
        [
            0.93098441453399, 
            2319.0
        ], 
        [
            0.9179955937712477, 
            2299.0
        ], 
        [
            0.9065226144718771, 
            2267.0
        ], 
        [
            0.915314547325784, 
            2184.0
        ], 
        [
            0.9106597344162037, 
            2318.0
        ], 
        [
            0.9197077605848417, 
            2287.0
        ], 
        [
            0.9172375285546782, 
            2276.0
        ], 
        [
            0.9267210709228612, 
            2225.0
        ], 
        [
            0.9260143081639539, 
            2272.0
        ]
    ], 
    "0.15 - 0.16": [
        [
            1.100497797877829, 
            3358.0
        ], 
        [
            1.1187128776857982, 
            3324.0
        ], 
        [
            1.0908829082325189, 
            3318.0
        ], 
        [
            1.1107569356812375, 
            3185.0
        ], 
        [
            1.081154379340859, 
            3277.0
        ], 
        [
            1.0931870094674834, 
            3321.0
        ], 
        [
            1.094450735864398, 
            3360.0
        ], 
        [
            1.0975889709006585, 
            3343.0
        ], 
        [
            1.1009305769368494, 
            3244.0
        ], 
        [
            1.1059516758996402, 
            3308.0
        ]
    ], 
    "0.16 - 0.17": [
        [
            1.1585203024060244, 
            697.0
        ], 
        [
            1.1633413307138394, 
            741.0
        ], 
        [
            1.1829931987468199, 
            659.0
        ], 
        [
            1.147315060667241, 
            730.0
        ], 
        [
            1.1704409819633046, 
            715.0
        ], 
        [
            1.1791220342873259, 
            705.0
        ], 
        [
            1.1629871126760603, 
            767.0
        ], 
        [
            1.1680124487552817, 
            675.0
        ], 
        [
            1.1851778986004458, 
            693.0
        ], 
        [
            1.1588284483708198, 
            693.0
        ]
    ]
}