{
    "0.03 - 0.04": [
        [
            0.04086203345179486, 
            554.0
        ], 
        [
            0.040856711274788245, 
            548.0
        ], 
        [
            0.033155013462750405, 
            569.0
        ], 
        [
            0.04382816928388283, 
            549.0
        ], 
        [
            0.05268536576897166, 
            586.0
        ], 
        [
            0.040908054869742826, 
            550.0
        ], 
        [
            0.0414431674770313, 
            564.0
        ], 
        [
            0.04255236418327544, 
            558.0
        ], 
        [
            0.036875408739799664, 
            578.0
        ], 
        [
            0.05548333283439581, 
            524.0
        ]
    ], 
    "0.04 - 0.05": [
        [
            0.06391327817833921, 
            18314.0
        ], 
        [
            0.06542947679271241, 
            18297.0
        ], 
        [
            0.06278188990068666, 
            18723.0
        ], 
        [
            0.0656573088434479, 
            18537.0
        ], 
        [
            0.06304048736195766, 
            18511.0
        ], 
        [
            0.061875283958548986, 
            18358.0
        ], 
        [
            0.06599868653573228, 
            18434.0
        ], 
        [
            0.06450445992176447, 
            18345.0
        ], 
        [
            0.06322786154715422, 
            18367.0
        ], 
        [
            0.06429278688588463, 
            18333.0
        ]
    ], 
    "0.05 - 0.06": [
        [
            0.08044481951857037, 
            97901.0
        ], 
        [
            0.08033143276058682, 
            97677.0
        ], 
        [
            0.08047834388884385, 
            98187.0
        ], 
        [
            0.08084565674702471, 
            97527.0
        ], 
        [
            0.08067279689460054, 
            97922.0
        ], 
        [
            0.08049301632104175, 
            97821.0
        ], 
        [
            0.07897923390922432, 
            97618.0
        ], 
        [
            0.07889529888142358, 
            97943.0
        ], 
        [
            0.08110709461338564, 
            97990.0
        ], 
        [
            0.08130734333361112, 
            98257.0
        ]
    ], 
    "0.06 - 0.07": [
        [
            0.07175023604014648, 
            74791.0
        ], 
        [
            0.07137363476292796, 
            75190.0
        ], 
        [
            0.07142329905061998, 
            74678.0
        ], 
        [
            0.07030998388983158, 
            74923.0
        ], 
        [
            0.07004161577670857, 
            75087.0
        ], 
        [
            0.07114191231377748, 
            74438.0
        ], 
        [
            0.0708521663160661, 
            74661.0
        ], 
        [
            0.06956847520587608, 
            74872.0
        ], 
        [
            0.07121530956712734, 
            74598.0
        ], 
        [
            0.07144076162646036, 
            74806.0
        ]
    ], 
    "0.07 - 0.08": [
        [
            0.09467053952353423, 
            79723.0
        ], 
        [
            0.09522188048917173, 
            79951.0
        ], 
        [
            0.09516645402981878, 
            79293.0
        ], 
        [
            0.09401876069540228, 
            79385.0
        ], 
        [
            0.09468405328340088, 
            79729.0
        ], 
        [
            0.09380158105850864, 
            80161.0
        ], 
        [
            0.0942847821945368, 
            79872.0
        ], 
        [
            0.0932516108231763, 
            79495.0
        ], 
        [
            0.09545254979620056, 
            79449.0
        ], 
        [
            0.09440557931651823, 
            79659.0
        ]
    ], 
    "0.08 - 0.09": [
        [
            0.11186132059916194, 
            79333.0
        ], 
        [
            0.11108725534946697, 
            79000.0
        ], 
        [
            0.11141747314375362, 
            79222.0
        ], 
        [
            0.11159634030735363, 
            79185.0
        ], 
        [
            0.11080167421578972, 
            79065.0
        ], 
        [
            0.1117850262952437, 
            79645.0
        ], 
        [
            0.11103686304992595, 
            79157.0
        ], 
        [
            0.11114351365310787, 
            79759.0
        ], 
        [
            0.11323490023771678, 
            79725.0
        ], 
        [
            0.11109947927469017, 
            79287.0
        ]
    ], 
    "0.09 - 0.1": [
        [
            0.10657703260591131, 
            2079.0
        ], 
        [
            0.10859062038349915, 
            2050.0
        ], 
        [
            0.09760754809162327, 
            2100.0
        ], 
        [
            0.10533623426517826, 
            1998.0
        ], 
        [
            0.10666328291542529, 
            2084.0
        ], 
        [
            0.09923884574939965, 
            2052.0
        ], 
        [
            0.10513658664409874, 
            2048.0
        ], 
        [
            0.0938883864273828, 
            2067.0
        ], 
        [
            0.10405991188513462, 
            2038.0
        ], 
        [
            0.09549478168480414, 
            2083.0
        ]
    ]
}