{
    "0.03 - 0.04": [
        [
            0.04179565492110254, 
            587.0
        ], 
        [
            0.04389228430477289, 
            538.0
        ], 
        [
            0.04081436835799554, 
            538.0
        ], 
        [
            0.04618126201946605, 
            538.0
        ], 
        [
            0.03234454001549319, 
            611.0
        ], 
        [
            0.04597995606061051, 
            553.0
        ], 
        [
            0.04366480205177937, 
            517.0
        ], 
        [
            0.03177726708332895, 
            573.0
        ], 
        [
            0.024052853312073554, 
            560.0
        ], 
        [
            0.04783624391237302, 
            565.0
        ]
    ], 
    "0.04 - 0.05": [
        [
            0.038089604197390055, 
            18641.0
        ], 
        [
            0.03539827570464462, 
            18371.0
        ], 
        [
            0.041155387997245, 
            18471.0
        ], 
        [
            0.035887574126626604, 
            18489.0
        ], 
        [
            0.0362054479207798, 
            18531.0
        ], 
        [
            0.03688099051604472, 
            18371.0
        ], 
        [
            0.036260673762448556, 
            18449.0
        ], 
        [
            0.03898658757479718, 
            18237.0
        ], 
        [
            0.03689503183540601, 
            18258.0
        ], 
        [
            0.03738895269689459, 
            18401.0
        ]
    ], 
    "0.05 - 0.06": [
        [
            0.05480968698324698, 
            98204.0
        ], 
        [
            0.05570502848385443, 
            97887.0
        ], 
        [
            0.05470891851057314, 
            97919.0
        ], 
        [
            0.0543810158979873, 
            97974.0
        ], 
        [
            0.056284395273709424, 
            97837.0
        ], 
        [
            0.05506274259451497, 
            97760.0
        ], 
        [
            0.054012339221905716, 
            97897.0
        ], 
        [
            0.05482182300056999, 
            97437.0
        ], 
        [
            0.056123443877354955, 
            97963.0
        ], 
        [
            0.055736657903537185, 
            97965.0
        ]
    ], 
    "0.06 - 0.07": [
        [
            0.11189059226674393, 
            75100.0
        ], 
        [
            0.11065521671509981, 
            74885.0
        ], 
        [
            0.1133438880276825, 
            75152.0
        ], 
        [
            0.112883531043089, 
            74468.0
        ], 
        [
            0.11153948463605387, 
            74895.0
        ], 
        [
            0.11276790083697613, 
            74583.0
        ], 
        [
            0.11151585749469543, 
            75129.0
        ], 
        [
            0.1103703102801191, 
            74740.0
        ], 
        [
            0.11234830421896247, 
            74466.0
        ], 
        [
            0.11310570825919755, 
            74626.0
        ]
    ], 
    "0.07 - 0.08": [
        [
            0.1584899273613937, 
            79629.0
        ], 
        [
            0.15755622649733017, 
            79620.0
        ], 
        [
            0.15897054948176342, 
            79724.0
        ], 
        [
            0.1591572971113519, 
            79884.0
        ], 
        [
            0.16045457541537947, 
            79335.0
        ], 
        [
            0.16030875636557088, 
            79327.0
        ], 
        [
            0.15977857968832607, 
            80072.0
        ], 
        [
            0.15867989161726267, 
            79576.0
        ], 
        [
            0.15939920793311937, 
            79944.0
        ], 
        [
            0.16069799503744878, 
            79608.0
        ]
    ], 
    "0.08 - 0.09": [
        [
            0.19051943435463586, 
            80965.0
        ], 
        [
            0.1908033567439314, 
            80591.0
        ], 
        [
            0.1904806862642162, 
            80968.0
        ], 
        [
            0.18972756290402823, 
            80616.0
        ], 
        [
            0.19176562347810583, 
            80637.0
        ], 
        [
            0.18941841954524738, 
            80305.0
        ], 
        [
            0.18835457878764905, 
            80539.0
        ], 
        [
            0.18872884190319178, 
            80969.0
        ], 
        [
            0.18948885540302912, 
            80144.0
        ], 
        [
            0.1900882201023582, 
            80833.0
        ]
    ], 
    "0.09 - 0.1": [
        [
            0.23051159362645857, 
            48315.0
        ], 
        [
            0.22960764047406856, 
            48615.0
        ], 
        [
            0.23160023984356995, 
            48924.0
        ], 
        [
            0.23022034491659654, 
            48465.0
        ], 
        [
            0.2302045512980553, 
            48595.0
        ], 
        [
            0.2313389396258705, 
            48319.0
        ], 
        [
            0.2315345366116582, 
            48737.0
        ], 
        [
            0.23070158341160077, 
            48634.0
        ], 
        [
            0.23105095582394566, 
            48728.0
        ], 
        [
            0.23292110381255518, 
            49131.0
        ]
    ], 
    "0.1 - 0.11": [
        [
            0.316962414098729, 
            104769.0
        ], 
        [
            0.3155812070135982, 
            105108.0
        ], 
        [
            0.31544672698535975, 
            104732.0
        ], 
        [
            0.3149664938430094, 
            104886.0
        ], 
        [
            0.31595855273894896, 
            105069.0
        ], 
        [
            0.3184351576713482, 
            105353.0
        ], 
        [
            0.3155425902497401, 
            104947.0
        ], 
        [
            0.31556574763928325, 
            104722.0
        ], 
        [
            0.31472756401722624, 
            105010.0
        ], 
        [
            0.31694405748199267, 
            105736.0
        ]
    ], 
    "0.11 - 0.12": [
        [
            0.3774433233602788, 
            42463.0
        ], 
        [
            0.3768708733811799, 
            42663.0
        ], 
        [
            0.37565039713841475, 
            42223.0
        ], 
        [
            0.3746846309109944, 
            42578.0
        ], 
        [
            0.3776702380983331, 
            42221.0
        ], 
        [
            0.3757422611316154, 
            42350.0
        ], 
        [
            0.3749404136195899, 
            42794.0
        ], 
        [
            0.37523327300593484, 
            42535.0
        ], 
        [
            0.37476697033218026, 
            42567.0
        ], 
        [
            0.3783739142240524, 
            42614.0
        ]
    ], 
    "0.12 - 0.13": [
        [
            0.5349845494913937, 
            23464.0
        ], 
        [
            0.5371108461492191, 
            23756.0
        ], 
        [
            0.53263745003801, 
            24054.0
        ], 
        [
            0.5329690861814378, 
            23839.0
        ], 
        [
            0.535257740301387, 
            24103.0
        ], 
        [
            0.5317473607287104, 
            24037.0
        ], 
        [
            0.5312969387131043, 
            23864.0
        ], 
        [
            0.5312269033222803, 
            23781.0
        ], 
        [
            0.5334936555545073, 
            23866.0
        ], 
        [
            0.5376124947802347, 
            23874.0
        ]
    ],