{
    "0.03 - 0.04": [
        [
            0.026945698129420537, 
            708.0
        ], 
        [
            0.019001677751181344, 
            663.0
        ], 
        [
            0.020065169363142486, 
            724.0
        ], 
        [
            0.023065111805054057, 
            639.0
        ], 
        [
            0.025720305910292233, 
            647.0
        ], 
        [
            0.03162894840664196, 
            673.0
        ], 
        [
            0.020361381152309687, 
            724.0
        ], 
        [
            0.02257705329415465, 
            696.0
        ], 
        [
            0.02189672095300826, 
            684.0
        ], 
        [
            0.019545683850926743, 
            694.0
        ]
    ], 
    "0.04 - 0.05": [
        [
            0.048351711053167275, 
            31024.0
        ], 
        [
            0.04578460444957807, 
            30756.0
        ], 
        [
            0.04596511656704785, 
            30877.0
        ], 
        [
            0.04560857375872115, 
            30851.0
        ], 
        [
            0.04573588102142859, 
            30868.0
        ], 
        [
            0.04531648171909036, 
            31085.0
        ], 
        [
            0.04513463153449907, 
            30782.0
        ], 
        [
            0.04728175826676374, 
            30962.0
        ], 
        [
            0.045525222958828625, 
            31041.0
        ], 
        [
            0.04536065653386881, 
            30887.0
        ]
    ], 
    "0.05 - 0.06": [
        [
            0.05312982981620744, 
            204532.0
        ], 
        [
            0.0535568535949126, 
            203658.0
        ], 
        [
            0.05397073159110967, 
            203993.0
        ], 
        [
            0.05261454434661238, 
            203756.0
        ], 
        [
            0.05343829415252884, 
            203349.0
        ], 
        [
            0.053744393273781756, 
            204897.0
        ], 
        [
            0.05401254193049591, 
            205046.0
        ], 
        [
            0.05340476755666867, 
            204256.0
        ], 
        [
            0.05348812956101626, 
            204642.0
        ], 
        [
            0.05348604680789145, 
            203462.0
        ]
    ], 
    "0.06 - 0.07": [
        [
            0.04744334107562508, 
            178037.0
        ], 
        [
            0.04807326631899824, 
            178231.0
        ], 
        [
            0.047622444012759654, 
            177818.0
        ], 
        [
            0.04815801099386736, 
            178550.0
        ], 
        [
            0.04813259695337824, 
            178253.0
        ], 
        [
            0.047742008983465534, 
            177724.0
        ], 
        [
            0.04886646262368143, 
            177774.0
        ], 
        [
            0.048134520196246, 
            178071.0
        ], 
        [
            0.048480635977634294, 
            178448.0
        ], 
        [
            0.04807388333067947, 
            177918.0
        ]
    ], 
    "0.07 - 0.08": [
        [
            0.07090808924588608, 
            136007.0
        ], 
        [
            0.07063771214423244, 
            135968.0
        ], 
        [
            0.0697031185217463, 
            136621.0
        ], 
        [
            0.07087015523361319, 
            136117.0
        ], 
        [
            0.07090145493550219, 
            136165.0
        ], 
        [
            0.07152888089605623, 
            136690.0
        ], 
        [
            0.06987629027351412, 
            136010.0
        ], 
        [
            0.07002699584975676, 
            136804.0
        ], 
        [
            0.07007818947940525, 
            136014.0
        ], 
        [
            0.07117820283976184, 
            136282.0
        ]
    ], 
    "0.08 - 0.09": [
        [
            0.07719449919959927, 
            142553.0
        ], 
        [
            0.07762505884324031, 
            142565.0
        ], 
        [
            0.07719939742172116, 
            141999.0
        ], 
        [
            0.07722400412024104, 
            142939.0
        ], 
        [
            0.07665207974331005, 
            141917.0
        ], 
        [
            0.07760026855095101, 
            141650.0
        ], 
        [
            0.07657306664081451, 
            141896.0
        ], 
        [
            0.07654328032404614, 
            142714.0
        ], 
        [
            0.07707343219451745, 
            142138.0
        ], 
        [
            0.07815714652989104, 
            142789.0
        ]
    ], 
    "0.09 - 0.1": [
        [
            0.08894511177047877, 
            5493.0
        ], 
        [
            0.0841296299762198, 
            5517.0
        ], 
        [
            0.08339357174322085, 
            5469.0
        ], 
        [
            0.08243038551552662, 
            5658.0
        ], 
        [
            0.08213158470685061, 
            5446.0
        ], 
        [
            0.08410885465490862, 
            5575.0
        ], 
        [
            0.08253259889364997, 
            5529.0
        ], 
        [
            0.0835323919915637, 
            5431.0
        ], 
        [
            0.0807584405392991, 
            5568.0
        ], 
        [
            0.08255919573199966, 
            5429.0
        ]
    ], 
    "0.1 - 0.11": [
        [
            0.0, 
            0.0
        ], 
        [
            0.0, 
            0.0
        ], 
        [
            0.20229999999999784, 
            1.0
        ], 
        [
            0.20634999999999692, 
            1.0
        ], 
        [
            0.19584999999999908, 
            1.0
        ], 
        [
            0.1885499999999976, 
            1.0
        ], 
        [
            0.0, 
            0.0
        ], 
        [
            0.1762499999999989, 
            1.0
        ], 
        [
            0.0, 
            0.0
        ], 
        [
            0.0, 
            0.0
        ]
    ]
}