{
    "0.08 - 0.09": [
        [
            0.1988384646962244, 
            87.0
        ], 
        [
            0.18215737438919813, 
            68.0
        ], 
        [
            0.13650423280423363, 
            81.0
        ], 
        [
            0.1863506944444453, 
            72.0
        ], 
        [
            0.21897245484400726, 
            87.0
        ], 
        [
            0.21735914968143347, 
            75.0
        ], 
        [
            0.15036523809523894, 
            90.0
        ], 
        [
            0.1979529135338351, 
            76.0
        ], 
        [
            0.2410615044570305, 
            87.0
        ], 
        [
            0.1882144989339026, 
            67.0
        ]
    ], 
    "0.09 - 0.1": [
        [
            0.290214413826063, 
            2327.0
        ], 
        [
            0.2947798172669563, 
            2376.0
        ], 
        [
            0.28299782353528025, 
            2304.0
        ], 
        [
            0.29271820898849643, 
            2302.0
        ], 
        [
            0.28461799288422, 
            2322.0
        ], 
        [
            0.2798002956373993, 
            2390.0
        ], 
        [
            0.2790116456830487, 
            2365.0
        ], 
        [
            0.2792849337060958, 
            2390.0
        ], 
        [
            0.28988406147361384, 
            2375.0
        ], 
        [
            0.275385581885106, 
            2446.0
        ]
    ], 
    "0.1 - 0.11": [
        [
            0.3452433741417021, 
            6176.0
        ], 
        [
            0.34431842928505485, 
            6046.0
        ], 
        [
            0.3519685270139924, 
            6053.0
        ], 
        [
            0.34353123300662425, 
            6092.0
        ], 
        [
            0.3380150756869389, 
            6020.0
        ], 
        [
            0.345040368558399, 
            6034.0
        ], 
        [
            0.3493397235788581, 
            6196.0
        ], 
        [
            0.34277269366742436, 
            6080.0
        ], 
        [
            0.34507071327166683, 
            5996.0
        ], 
        [
            0.3474753055053305, 
            5967.0
        ]
    ], 
    "0.11 - 0.12": [
        [
            0.384911899923723, 
            3335.0
        ], 
        [
            0.3721133864451771, 
            3406.0
        ], 
        [
            0.38882274597967154, 
            3477.0
        ], 
        [
            0.3878532667317647, 
            3370.0
        ], 
        [
            0.3828996497665559, 
            3387.0
        ], 
        [
            0.3818222347123901, 
            3412.0
        ], 
        [
            0.3800449390124983, 
            3450.0
        ], 
        [
            0.3816775127049167, 
            3489.0
        ], 
        [
            0.38581232269369575, 
            3358.0
        ], 
        [
            0.3826447745724329, 
            3477.0
        ]
    ], 
    "0.12 - 0.13": [
        [
            0.5165896854830851, 
            813.0
        ], 
        [
            0.5209130533988207, 
            871.0
        ], 
        [
            0.5234449801501908, 
            870.0
        ], 
        [
            0.5408254328319692, 
            841.0
        ], 
        [
            0.5312674738866469, 
            891.0
        ], 
        [
            0.5182194381460836, 
            835.0
        ], 
        [
            0.5210762354846623, 
            844.0
        ], 
        [
            0.5256647789476437, 
            817.0
        ], 
        [
            0.5371751880651633, 
            803.0
        ], 
        [
            0.5474004657728667, 
            816.0
        ]
    ], 
    "0.13 - 0.14": [
        [
            0.6290571306563449, 
            1928.0
        ], 
        [
            0.6337435234466059, 
            1999.0
        ], 
        [
            0.6403973044082847, 
            1906.0
        ], 
        [
            0.6550612693532288, 
            1921.0
        ], 
        [
            0.6347065357992965, 
            1975.0
        ], 
        [
            0.6387979497809554, 
            1975.0
        ], 
        [
            0.656055478767095, 
            2005.0
        ], 
        [
            0.6440724713888868, 
            2002.0
        ], 
        [
            0.6210279920077468, 
            1980.0
        ], 
        [
            0.6368486802693507, 
            1935.0
        ]
    ], 
    "0.14 - 0.15": [
        [
            1.1175741713536478, 
            1395.0
        ], 
        [
            1.1321205873119187, 
            1388.0
        ], 
        [
            1.0673904231759728, 
            1389.0
        ], 
        [
            1.0780464282796463, 
            1436.0
        ], 
        [
            1.1058186008883761, 
            1341.0
        ], 
        [
            1.0876272460660485, 
            1404.0
        ], 
        [
            1.104762014744881, 
            1434.0
        ], 
        [
            1.1166955243566623, 
            1415.0
        ], 
        [
            1.1210531752284385, 
            1397.0
        ], 
        [
            1.0701898480014709, 
            1428.0
        ]
    ], 
    "0.15 - 0.16": [
        [
            1.2500626500422947, 
            2007.0
        ], 
        [
            1.2810605990409618, 
            1993.0
        ], 
        [
            1.2441053166371157, 
            1986.0
        ], 
        [
            1.251909849911818, 
            1996.0
        ], 
        [
            1.2270344038202048, 
            1957.0
        ], 
        [
            1.2350155396198907, 
            1919.0
        ], 
        [
            1.2509371931597324, 
            1931.0
        ], 
        [
            1.2746689016928132, 
            1943.0
        ], 
        [
            1.2558263976000215, 
            1994.0
        ], 
        [
            1.2597493261474806, 
            1933.0
        ]
    ], 
    "0.16 - 0.17": [
        [
            1.3228524559593071, 
            386.0
        ], 
        [
            1.3212948975309502, 
            426.0
        ], 
        [
            1.285552142192844, 
            383.0
        ], 
        [
            1.280898629643281, 
            436.0
        ], 
        [
            1.3349056588524408, 
            437.0
        ], 
        [
            1.374643243589972, 
            402.0
        ], 
        [
            1.306585602135154, 
            409.0
        ], 
        [
            1.3484902215458703, 
            391.0
        ], 
        [
            1.3419994935035646, 
            421.0
        ], 
        [
            1.2749808730829864, 
            432.0
        ]
    ]
}