{
    "0.04 - 0.05": [
        [
            0.07012458439977078, 
            19.0
        ], 
        [
            0.11551250000000111, 
            24.0
        ], 
        [
            0.162027272727274, 
            22.0
        ], 
        [
            0.10926187522081267, 
            22.0
        ], 
        [
            0.1623727272727287, 
            22.0
        ], 
        [
            0.15577938992813542, 
            24.0
        ], 
        [
            0.010091789819377726, 
            21.0
        ], 
        [
            0.17494171649007548, 
            29.0
        ], 
        [
            0.08569347826087129, 
            23.0
        ], 
        [
            0.14393781979977835, 
            31.0
        ]
    ], 
    "0.05 - 0.06": [
        [
            0.11784651193476188, 
            813.0
        ], 
        [
            0.11837516964789598, 
            787.0
        ], 
        [
            0.13434467058405014, 
            789.0
        ], 
        [
            0.13016075491017481, 
            816.0
        ], 
        [
            0.11849571035601543, 
            773.0
        ], 
        [
            0.13636277960484938, 
            855.0
        ], 
        [
            0.1205043475224899, 
            787.0
        ], 
        [
            0.1333744202122539, 
            823.0
        ], 
        [
            0.13095728773749626, 
            790.0
        ], 
        [
            0.11475345201717103, 
            803.0
        ]
    ], 
    "0.06 - 0.07": [
        [
            0.18083443887199924, 
            3835.0
        ], 
        [
            0.17367846109170051, 
            3892.0
        ], 
        [
            0.18276229615421397, 
            3902.0
        ], 
        [
            0.1723099822284789, 
            3935.0
        ], 
        [
            0.17452948707150556, 
            3929.0
        ], 
        [
            0.17814009587639432, 
            3799.0
        ], 
        [
            0.18027776102345264, 
            4071.0
        ], 
        [
            0.17749159676143375, 
            3888.0
        ], 
        [
            0.17352882049282659, 
            3885.0
        ], 
        [
            0.18075229433818915, 
            3917.0
        ]
    ], 
    "0.07 - 0.08": [
        [
            0.19191687411161903, 
            3541.0
        ], 
        [
            0.18302835052340968, 
            3565.0
        ], 
        [
            0.18534605330000173, 
            3691.0
        ], 
        [
            0.18160614922644744, 
            3690.0
        ], 
        [
            0.18657586970075937, 
            3573.0
        ], 
        [
            0.18392119135079876, 
            3702.0
        ], 
        [
            0.1860571030476882, 
            3700.0
        ], 
        [
            0.19285586388846404, 
            3620.0
        ], 
        [
            0.18615889829269014, 
            3725.0
        ], 
        [
            0.18856794146990632, 
            3650.0
        ]
    ], 
    "0.08 - 0.09": [
        [
            0.20498006858472645, 
            6513.0
        ], 
        [
            0.2084557052873639, 
            6272.0
        ], 
        [
            0.20599058503700862, 
            6406.0
        ], 
        [
            0.20952493926054103, 
            6355.0
        ], 
        [
            0.2092224299715961, 
            6501.0
        ], 
        [
            0.20481706069913772, 
            6430.0
        ], 
        [
            0.20348410502755102, 
            6296.0
        ], 
        [
            0.20543386119075957, 
            6345.0
        ], 
        [
            0.20967656097631454, 
            6321.0
        ], 
        [
            0.20950466097983766, 
            6485.0
        ]
    ], 
    "0.09 - 0.1": [
        [
            0.281122512502178, 
            2529.0
        ], 
        [
            0.2844881936355155, 
            2565.0
        ], 
        [
            0.2714495665468518, 
            2527.0
        ], 
        [
            0.2809981634918436, 
            2476.0
        ], 
        [
            0.27554440173803774, 
            2510.0
        ], 
        [
            0.270734668600911, 
            2586.0
        ], 
        [
            0.27075855234303586, 
            2573.0
        ], 
        [
            0.2696160597571822, 
            2554.0
        ], 
        [
            0.27804994699804336, 
            2554.0
        ], 
        [
            0.26732780597950917, 
            2642.0
        ]
    ], 
    "0.1 - 0.11": [
        [
            0.3452433741417021, 
            6176.0
        ], 
        [
            0.34431842928505485, 
            6046.0
        ], 
        [
            0.3519685270139924, 
            6053.0
        ], 
        [
            0.34353123300662425, 
            6092.0
        ], 
        [
            0.3380150756869389, 
            6020.0
        ], 
        [
            0.345040368558399, 
            6034.0
        ], 
        [
            0.3493397235788581, 
            6196.0
        ], 
        [
            0.34277269366742436, 
            6080.0
        ], 
        [
            0.34507071327166683, 
            5996.0
        ], 
        [
            0.3474753055053305, 
            5967.0
        ]
    ], 
    "0.11 - 0.12": [
        [
            0.384911899923723, 
            3335.0
        ], 
        [
            0.3721133864451771, 
            3406.0
        ], 
        [
            0.38882274597967154, 
            3477.0
        ], 
        [
            0.3878532667317647, 
            3370.0
        ], 
        [
            0.3828996497665559, 
            3387.0
        ], 
        [
            0.3818222347123901, 
            3412.0
        ], 
        [
            0.3800449390124983, 
            3450.0
        ], 
        [
            0.3816775127049167, 
            3489.0
        ], 
        [
            0.38581232269369575, 
            3358.0
        ], 
        [
            0.3826447745724329, 
            3477.0
        ]
    ], 
    "0.12 - 0.13": [
        [
            0.5165896854830851, 
            813.0
        ], 
        [
            0.5209130533988207, 
            871.0
        ], 
        [
            0.5234449801501908, 
            870.0
        ], 
        [
            0.5408254328319692, 
            841.0
        ], 
        [
            0.5312674738866469, 
            891.0
        ], 
        [
            0.5182194381460836, 
            835.0
        ], 
        [
            0.5210762354846623, 
            844.0
        ], 
        [
            0.5256647789476437, 
            817.0
        ], 
        [
            0.5371751880651633, 
            803.0
        ], 
        [
            0.5474004657728667, 
            816.0
        ]
    ], 
    "0.13 - 0.14": [
        [
            0.6290571306563449, 
            1928.0
        ], 
        [
            0.6337435234466059, 
            1999.0
        ], 
        [
            0.6403973044082847, 
            1906.0
        ], 
        [
            0.6550612693532288, 
            1921.0
        ], 
        [
            0.6347065357992965, 
            1975.0
        ], 
        [
            0.6387979497809554, 
            1975.0
        ], 
        [
            0.656055478767095, 
            2005.0
        ], 
        [
            0.6440724713888868, 
            2002.0
        ], 
        [
            0.6210279920077468, 
            1980.0
        ], 
        [
            0.6368486802693507, 
            1935.0
        ]
    ],