{
    "0.07 - 0.08": [
        [
            0.0, 
            0.0
        ], 
        [
            0.5247499999999976, 
            1.0
        ], 
        [
            0.0, 
            0.0
        ], 
        [
            0.0, 
            0.0
        ], 
        [
            0.0, 
            0.0
        ], 
        [
            0.0, 
            0.0
        ], 
        [
            0.5326999999999988, 
            1.0
        ], 
        [
            0.0, 
            0.0
        ], 
        [
            0.0, 
            0.0
        ], 
        [
            0.0, 
            0.0
        ]
    ], 
    "0.08 - 0.09": [
        [
            0.0914034766998994, 
            1294.0
        ], 
        [
            0.09040316024975675, 
            1378.0
        ], 
        [
            0.09933416497468558, 
            1292.0
        ], 
        [
            0.09001279836905839, 
            1334.0
        ], 
        [
            0.0999633421925689, 
            1306.0
        ], 
        [
            0.10241990494124957, 
            1313.0
        ], 
        [
            0.09274855776246234, 
            1276.0
        ], 
        [
            0.0996844421858113, 
            1387.0
        ], 
        [
            0.09969952323922424, 
            1277.0
        ], 
        [
            0.10009536159289413, 
            1332.0
        ]
    ], 
    "0.09 - 0.1": [
        [
            0.12233259725445937, 
            46310.0
        ], 
        [
            0.12192581897008925, 
            47019.0
        ], 
        [
            0.12305366555662517, 
            46587.0
        ], 
        [
            0.12163853325761877, 
            46400.0
        ], 
        [
            0.12103257410009247, 
            46445.0
        ], 
        [
            0.12234491389442449, 
            46520.0
        ], 
        [
            0.1212196356298725, 
            47052.0
        ], 
        [
            0.12160647441637819, 
            46492.0
        ], 
        [
            0.11984259158468222, 
            46513.0
        ], 
        [
            0.11952197848849266, 
            46526.0
        ]
    ], 
    "0.1 - 0.11": [
        [
            0.1615174799339519, 
            104929.0
        ], 
        [
            0.15959812005908078, 
            105201.0
        ], 
        [
            0.15939768253320577, 
            104514.0
        ], 
        [
            0.16066616052717306, 
            105856.0
        ], 
        [
            0.15984086150364135, 
            105151.0
        ], 
        [
            0.16056899045011927, 
            105056.0
        ], 
        [
            0.15845692292555652, 
            105169.0
        ], 
        [
            0.15997449082342038, 
            105207.0
        ], 
        [
            0.15844222726935323, 
            104452.0
        ], 
        [
            0.1603181619133157, 
            104797.0
        ]
    ], 
    "0.11 - 0.12": [
        [
            0.15639365458497603, 
            42848.0
        ], 
        [
            0.15656065805016087, 
            42572.0
        ], 
        [
            0.1559107435627517, 
            42513.0
        ], 
        [
            0.15652099987117984, 
            42562.0
        ], 
        [
            0.15668305021799825, 
            42472.0
        ], 
        [
            0.1552111403994589, 
            42315.0
        ], 
        [
            0.15744509238727755, 
            42720.0
        ], 
        [
            0.15648855815989696, 
            42202.0
        ], 
        [
            0.15634326123742273, 
            42644.0
        ], 
        [
            0.15688194688567597, 
            42160.0
        ]
    ], 
    "0.12 - 0.13": [
        [
            0.1767722535538095, 
            23910.0
        ], 
        [
            0.17818165562911661, 
            23723.0
        ], 
        [
            0.1772922155404943, 
            24096.0
        ], 
        [
            0.17420144442525945, 
            23925.0
        ], 
        [
            0.17724446862709956, 
            23929.0
        ], 
        [
            0.17231603354144384, 
            23845.0
        ], 
        [
            0.17745764734008604, 
            23719.0
        ], 
        [
            0.1774587021363264, 
            23875.0
        ], 
        [
            0.1780832919352838, 
            24031.0
        ], 
        [
            0.1749211915545614, 
            23585.0
        ]
    ], 
    "0.13 - 0.14": [
        [
            0.18333637313290355, 
            48239.0
        ], 
        [
            0.17977035900942068, 
            47771.0
        ], 
        [
            0.18118423873507636, 
            47368.0
        ], 
        [
            0.18144678225224387, 
            47536.0
        ], 
        [
            0.18158380742102442, 
            47693.0
        ], 
        [
            0.18316310987309706, 
            47699.0
        ], 
        [
            0.17909711567881684, 
            48011.0
        ], 
        [
            0.1799740576404561, 
            48018.0
        ], 
        [
            0.18520615764139467, 
            47816.0
        ], 
        [
            0.18286075468047902, 
            47524.0
        ]
    ], 
    "0.14 - 0.15": [
        [
            0.14814202591748443, 
            33360.0
        ], 
        [
            0.15125787748381261, 
            33337.0
        ], 
        [
            0.14799848139584543, 
            33505.0
        ], 
        [
            0.15213453493721682, 
            32969.0
        ], 
        [
            0.150699288792254, 
            33084.0
        ], 
        [
            0.1467979611770789, 
            33406.0
        ], 
        [
            0.15141978896717564, 
            33155.0
        ], 
        [
            0.14659757238436819, 
            32704.0
        ], 
        [
            0.14707146081681602, 
            33096.0
        ], 
        [
            0.14726432088542077, 
            33499.0
        ]
    ], 
    "0.15 - 0.16": [
        [
            0.14486236514108602, 
            35022.0
        ], 
        [
            0.14837905011552094, 
            35351.0
        ], 
        [
            0.15011466871027732, 
            35324.0
        ], 
        [
            0.1498162042056624, 
            35116.0
        ], 
        [
            0.1497465994874351, 
            35184.0
        ], 
        [
            0.15060163131447363, 
            35505.0
        ], 
        [
            0.14851546071221502, 
            35085.0
        ], 
        [
            0.1516179229221342, 
            35356.0
        ], 
        [
            0.1491716004747489, 
            35257.0
        ], 
        [
            0.14588312807909454, 
            35588.0
        ]
    ], 
    "0.16 - 0.17": [
        [
            0.09464784909981555, 
            7149.0
        ], 
        [
            0.09196965947731267, 
            7352.0
        ], 
        [
            0.0938472969497585, 
            7216.0
        ], 
        [
            0.09685881054606618, 
            7270.0
        ], 
        [
            0.09620704542195481, 
            7383.0
        ], 
        [
            0.09148900784245416, 
            7267.0
        ], 
        [
            0.09627285146747183, 
            7348.0
        ], 
        [
            0.08891199343623814, 
            7160.0
        ], 
        [
            0.09674037806194773, 
            7173.0
        ], 
        [
            0.10021305749235765, 
            7179.0
        ]
    ]
}