{
    "0.07 - 0.08": [
        [
            0.0, 
            0.0
        ], 
        [
            0.5540499999999966, 
            1.0
        ], 
        [
            0.0, 
            0.0
        ], 
        [
            0.0, 
            0.0
        ], 
        [
            0.5619499999999993, 
            1.0
        ], 
        [
            0.0, 
            0.0
        ], 
        [
            0.5603000000000025, 
            1.0
        ], 
        [
            0.0, 
            0.0
        ], 
        [
            0.0, 
            0.0
        ], 
        [
            0.0, 
            0.0
        ]
    ], 
    "0.08 - 0.09": [
        [
            0.07989617905883196, 
            3579.0
        ], 
        [
            0.07286438404441707, 
            3556.0
        ], 
        [
            0.06884934161245151, 
            3470.0
        ], 
        [
            0.07365816107309464, 
            3645.0
        ], 
        [
            0.07813256872147811, 
            3650.0
        ], 
        [
            0.0717128746146804, 
            3542.0
        ], 
        [
            0.07587170096191147, 
            3543.0
        ], 
        [
            0.07855058976132506, 
            3563.0
        ], 
        [
            0.07337789438004154, 
            3581.0
        ], 
        [
            0.07685013578186392, 
            3556.0
        ]
    ], 
    "0.09 - 0.1": [
        [
            0.07776628573572414, 
            98692.0
        ], 
        [
            0.0766150430101928, 
            98867.0
        ], 
        [
            0.0778528409278645, 
            98540.0
        ], 
        [
            0.0767115331432006, 
            98520.0
        ], 
        [
            0.07771090247372804, 
            98322.0
        ], 
        [
            0.07781851110265142, 
            98701.0
        ], 
        [
            0.07739452283115142, 
            97948.0
        ], 
        [
            0.07673405990902753, 
            98448.0
        ], 
        [
            0.07696643106829965, 
            98656.0
        ], 
        [
            0.0763842048775218, 
            99274.0
        ]
    ], 
    "0.1 - 0.11": [
        [
            0.0951796019386972, 
            212497.0
        ], 
        [
            0.09487126478759852, 
            212786.0
        ], 
        [
            0.09477334678985593, 
            212527.0
        ], 
        [
            0.09467312595005467, 
            213362.0
        ], 
        [
            0.09477322205125706, 
            212876.0
        ], 
        [
            0.09547079643945651, 
            213005.0
        ], 
        [
            0.09423197285551621, 
            213251.0
        ], 
        [
            0.09555315817203604, 
            213344.0
        ], 
        [
            0.09551129768787923, 
            213289.0
        ], 
        [
            0.09422482097030063, 
            212842.0
        ]
    ], 
    "0.11 - 0.12": [
        [
            0.09753872368512052, 
            100015.0
        ], 
        [
            0.09936362123421755, 
            100792.0
        ], 
        [
            0.0975316026840366, 
            100155.0
        ], 
        [
            0.0978919340267229, 
            100259.0
        ], 
        [
            0.09809446933527574, 
            99729.0
        ], 
        [
            0.09969258886363197, 
            100024.0
        ], 
        [
            0.09752325808396362, 
            100063.0
        ], 
        [
            0.09778267132698053, 
            99943.0
        ], 
        [
            0.09864229208206908, 
            99531.0
        ], 
        [
            0.09709110368372416, 
            100415.0
        ]
    ], 
    "0.12 - 0.13": [
        [
            0.10326289388444077, 
            57627.0
        ], 
        [
            0.102307149179038, 
            57867.0
        ], 
        [
            0.10319264458355426, 
            57694.0
        ], 
        [
            0.10408445430968129, 
            58148.0
        ], 
        [
            0.10288863952959165, 
            58347.0
        ], 
        [
            0.10133315952969818, 
            57705.0
        ], 
        [
            0.10384743288416605, 
            57635.0
        ], 
        [
            0.10140331671060863, 
            57894.0
        ], 
        [
            0.10432274799520987, 
            57859.0
        ], 
        [
            0.10172138575173378, 
            57790.0
        ]
    ], 
    "0.13 - 0.14": [
        [
            0.09740090897775937, 
            104879.0
        ], 
        [
            0.09785900280012208, 
            105028.0
        ], 
        [
            0.09816500846431163, 
            105187.0
        ], 
        [
            0.09760616804998898, 
            104994.0
        ], 
        [
            0.09671457875048886, 
            105415.0
        ], 
        [
            0.09644414476289706, 
            104636.0
        ], 
        [
            0.09839704585497938, 
            105639.0
        ], 
        [
            0.09789664721785059, 
            105458.0
        ], 
        [
            0.09832348771898805, 
            104691.0
        ], 
        [
            0.09820954062824093, 
            104958.0
        ]
    ], 
    "0.14 - 0.15": [
        [
            0.07222103809504281, 
            76419.0
        ], 
        [
            0.07022163118139278, 
            76005.0
        ], 
        [
            0.071623067539883, 
            76358.0
        ], 
        [
            0.071753199978097, 
            76022.0
        ], 
        [
            0.07121817216346438, 
            76394.0
        ], 
        [
            0.069433910590016, 
            76477.0
        ], 
        [
            0.06945532674761068, 
            76565.0
        ], 
        [
            0.07170671838469381, 
            76263.0
        ], 
        [
            0.07205995337056141, 
            76063.0
        ], 
        [
            0.07114698009316237, 
            75909.0
        ]
    ], 
    "0.15 - 0.16": [
        [
            0.0634818129192924, 
            81617.0
        ], 
        [
            0.06320044199642404, 
            81335.0
        ], 
        [
            0.06456930928084473, 
            81876.0
        ], 
        [
            0.06276205866898837, 
            81371.0
        ], 
        [
            0.06173211996782696, 
            81473.0
        ], 
        [
            0.06299090682367553, 
            81077.0
        ], 
        [
            0.0639617565367294, 
            81334.0
        ], 
        [
            0.06289198810233888, 
            81378.0
        ], 
        [
            0.06143278741512041, 
            81951.0
        ], 
        [
            0.06447791469436927, 
            81682.0
        ]
    ], 
    "0.16 - 0.17": [
        [
            0.040955342058181125, 
            22903.0
        ], 
        [
            0.04548737384412529, 
            22768.0
        ], 
        [
            0.04248408127832651, 
            22866.0
        ], 
        [
            0.04444129252490898, 
            23048.0
        ], 
        [
            0.04220718843232704, 
            22980.0
        ], 
        [
            0.038742613006927364, 
            22924.0
        ], 
        [
            0.03951509697418732, 
            22930.0
        ], 
        [
            0.04400536639797761, 
            22676.0
        ], 
        [
            0.04103465961299148, 
            22891.0
        ], 
        [
            0.042085566254821086, 
            22446.0
        ]
    ],