{
    "0.03 - 0.04": [
        [
            0.0, 
            0.0
        ], 
        [
            0.0, 
            0.0
        ], 
        [
            -0.053100000000000085, 
            1.0
        ], 
        [
            0.0, 
            0.0
        ], 
        [
            0.0, 
            0.0
        ], 
        [
            0.0, 
            0.0
        ], 
        [
            0.0, 
            0.0
        ], 
        [
            0.0, 
            0.0
        ], 
        [
            0.0, 
            0.0
        ], 
        [
            0.0, 
            0.0
        ]
    ], 
    "0.04 - 0.05": [
        [
            0.06685966898954779, 
            41.0
        ], 
        [
            0.041851493506494315, 
            55.0
        ], 
        [
            0.05034270833333455, 
            48.0
        ], 
        [
            0.06878754578754655, 
            39.0
        ], 
        [
            0.06496836734694003, 
            49.0
        ], 
        [
            0.06422391774891904, 
            33.0
        ], 
        [
            0.055358246753247915, 
            55.0
        ], 
        [
            0.04022234432234566, 
            39.0
        ], 
        [
            0.09401986062717906, 
            41.0
        ], 
        [
            0.04669571428571499, 
            45.0
        ]
    ], 
    "0.05 - 0.06": [
        [
            0.09598684824437079, 
            1813.0
        ], 
        [
            0.0954170107066107, 
            1712.0
        ], 
        [
            0.09576957512309002, 
            1752.0
        ], 
        [
            0.09755333962581605, 
            1742.0
        ], 
        [
            0.09972988743154772, 
            1786.0
        ], 
        [
            0.10728379146836524, 
            1732.0
        ], 
        [
            0.1048729860768336, 
            1769.0
        ], 
        [
            0.09990229704970661, 
            1743.0
        ], 
        [
            0.09961777204203119, 
            1755.0
        ], 
        [
            0.09326689015784302, 
            1771.0
        ]
    ], 
    "0.06 - 0.07": [
        [
            0.1591868544683982, 
            6098.0
        ], 
        [
            0.16022967681181646, 
            6045.0
        ], 
        [
            0.16309716218723555, 
            5996.0
        ], 
        [
            0.15789406141330756, 
            6097.0
        ], 
        [
            0.16410745010314448, 
            6139.0
        ], 
        [
            0.15935462387675337, 
            6110.0
        ], 
        [
            0.16197516597228187, 
            6240.0
        ], 
        [
            0.161561088435321, 
            6192.0
        ], 
        [
            0.1604317796521828, 
            6213.0
        ], 
        [
            0.15980990168160097, 
            6188.0
        ]
    ], 
    "0.07 - 0.08": [
        [
            0.1589863165049176, 
            5247.0
        ], 
        [
            0.16144729834278349, 
            5273.0
        ], 
        [
            0.15488427720379105, 
            5375.0
        ], 
        [
            0.15618478459808458, 
            5307.0
        ], 
        [
            0.16085352506427225, 
            5357.0
        ], 
        [
            0.1601879914054963, 
            5329.0
        ], 
        [
            0.15843641353175184, 
            5149.0
        ], 
        [
            0.15377267030108402, 
            5315.0
        ], 
        [
            0.16062009970672356, 
            5378.0
        ], 
        [
            0.15927888074099789, 
            5136.0
        ]
    ], 
    "0.08 - 0.09": [
        [
            0.1689841684817186, 
            9632.0
        ], 
        [
            0.16736311793570582, 
            9902.0
        ], 
        [
            0.16938184990264457, 
            9376.0
        ], 
        [
            0.16870145332697797, 
            9667.0
        ], 
        [
            0.17438531459749715, 
            9711.0
        ], 
        [
            0.17080685148034003, 
            9494.0
        ], 
        [
            0.16718445902729784, 
            9605.0
        ], 
        [
            0.16872569919714464, 
            9680.0
        ], 
        [
            0.16735497673819463, 
            9627.0
        ], 
        [
            0.16989910806589192, 
            9748.0
        ]
    ], 
    "0.09 - 0.1": [
        [
            0.13502201371084563, 
            474.0
        ], 
        [
            0.13790949511984263, 
            483.0
        ], 
        [
            0.14839105604098454, 
            488.0
        ], 
        [
            0.15283199016650215, 
            481.0
        ], 
        [
            0.1313092620002875, 
            473.0
        ], 
        [
            0.15090151258892562, 
            497.0
        ], 
        [
            0.13853078902622834, 
            449.0
        ], 
        [
            0.16584872168640752, 
            461.0
        ], 
        [
            0.13734005823111334, 
            467.0
        ], 
        [
            0.16865527520152215, 
            449.0
        ]
    ]
}