{
    "0.04 - 0.05": [
        [
            0.07012458439977078, 
            19.0
        ], 
        [
            0.11551250000000111, 
            24.0
        ], 
        [
            0.162027272727274, 
            22.0
        ], 
        [
            0.10926187522081267, 
            22.0
        ], 
        [
            0.1623727272727287, 
            22.0
        ], 
        [
            0.15577938992813542, 
            24.0
        ], 
        [
            0.010091789819377726, 
            21.0
        ], 
        [
            0.17494171649007548, 
            29.0
        ], 
        [
            0.08569347826087129, 
            23.0
        ], 
        [
            0.14393781979977835, 
            31.0
        ]
    ], 
    "0.05 - 0.06": [
        [
            0.11784651193476188, 
            813.0
        ], 
        [
            0.11837516964789598, 
            787.0
        ], 
        [
            0.13434467058405014, 
            789.0
        ], 
        [
            0.13016075491017481, 
            816.0
        ], 
        [
            0.11849571035601543, 
            773.0
        ], 
        [
            0.13636277960484938, 
            855.0
        ], 
        [
            0.1205043475224899, 
            787.0
        ], 
        [
            0.1333744202122539, 
            823.0
        ], 
        [
            0.13095728773749626, 
            790.0
        ], 
        [
            0.11475345201717103, 
            803.0
        ]
    ], 
    "0.06 - 0.07": [
        [
            0.18083443887199924, 
            3835.0
        ], 
        [
            0.17367846109170051, 
            3892.0
        ], 
        [
            0.18276229615421397, 
            3902.0
        ], 
        [
            0.1723099822284789, 
            3935.0
        ], 
        [
            0.17452948707150556, 
            3929.0
        ], 
        [
            0.17814009587639432, 
            3799.0
        ], 
        [
            0.18027776102345264, 
            4071.0
        ], 
        [
            0.17749159676143375, 
            3888.0
        ], 
        [
            0.17352882049282659, 
            3885.0
        ], 
        [
            0.18075229433818915, 
            3917.0
        ]
    ], 
    "0.07 - 0.08": [
        [
            0.19191687411161903, 
            3541.0
        ], 
        [
            0.18302835052340968, 
            3565.0
        ], 
        [
            0.18534605330000173, 
            3691.0
        ], 
        [
            0.18160614922644744, 
            3690.0
        ], 
        [
            0.18657586970075937, 
            3573.0
        ], 
        [
            0.18392119135079876, 
            3702.0
        ], 
        [
            0.1860571030476882, 
            3700.0
        ], 
        [
            0.19285586388846404, 
            3620.0
        ], 
        [
            0.18615889829269014, 
            3725.0
        ], 
        [
            0.18856794146990632, 
            3650.0
        ]
    ], 
    "0.08 - 0.09": [
        [
            0.20506321821720383, 
            6426.0
        ], 
        [
            0.20874395262796275, 
            6204.0
        ], 
        [
            0.20688044978496983, 
            6325.0
        ], 
        [
            0.2097905043770075, 
            6283.0
        ], 
        [
            0.2090901798680882, 
            6414.0
        ], 
        [
            0.20466904233978725, 
            6355.0
        ], 
        [
            0.2042544398686577, 
            6206.0
        ], 
        [
            0.20552455380870918, 
            6269.0
        ], 
        [
            0.20923856128385027, 
            6234.0
        ], 
        [
            0.20972691726794576, 
            6418.0
        ]
    ], 
    "0.09 - 0.1": [
        [
            0.17638560962752306, 
            202.0
        ], 
        [
            0.15510778226883037, 
            189.0
        ], 
        [
            0.1521348396350167, 
            223.0
        ], 
        [
            0.12594330870279233, 
            174.0
        ], 
        [
            0.16347589832614828, 
            188.0
        ], 
        [
            0.1601895225947534, 
            196.0
        ], 
        [
            0.17691929393375533, 
            208.0
        ], 
        [
            0.12870990891630696, 
            164.0
        ], 
        [
            0.12103306498977548, 
            179.0
        ], 
        [
            0.1667700515657855, 
            196.0
        ]
    ]
}