{
    "0.03 - 0.04": [
        [
            0.0, 
            0.0
        ], 
        [
            0.0, 
            0.0
        ], 
        [
            -0.053100000000000085, 
            1.0
        ], 
        [
            0.0, 
            0.0
        ], 
        [
            0.0, 
            0.0
        ], 
        [
            0.0, 
            0.0
        ], 
        [
            0.0, 
            0.0
        ], 
        [
            0.0, 
            0.0
        ], 
        [
            0.0, 
            0.0
        ], 
        [
            0.0, 
            0.0
        ]
    ], 
    "0.04 - 0.05": [
        [
            0.06685966898954779, 
            41.0
        ], 
        [
            0.041851493506494315, 
            55.0
        ], 
        [
            0.05034270833333455, 
            48.0
        ], 
        [
            0.06878754578754655, 
            39.0
        ], 
        [
            0.06496836734694003, 
            49.0
        ], 
        [
            0.06422391774891904, 
            33.0
        ], 
        [
            0.055358246753247915, 
            55.0
        ], 
        [
            0.04022234432234566, 
            39.0
        ], 
        [
            0.09401986062717906, 
            41.0
        ], 
        [
            0.04669571428571499, 
            45.0
        ]
    ], 
    "0.05 - 0.06": [
        [
            0.09598684824437079, 
            1813.0
        ], 
        [
            0.0954170107066107, 
            1712.0
        ], 
        [
            0.09576957512309002, 
            1752.0
        ], 
        [
            0.09755333962581605, 
            1742.0
        ], 
        [
            0.09972988743154772, 
            1786.0
        ], 
        [
            0.10728379146836524, 
            1732.0
        ], 
        [
            0.1048729860768336, 
            1769.0
        ], 
        [
            0.09990229704970661, 
            1743.0
        ], 
        [
            0.09961777204203119, 
            1755.0
        ], 
        [
            0.09326689015784302, 
            1771.0
        ]
    ], 
    "0.06 - 0.07": [
        [
            0.1591868544683982, 
            6098.0
        ], 
        [
            0.16022967681181646, 
            6045.0
        ], 
        [
            0.16309716218723555, 
            5996.0
        ], 
        [
            0.15789406141330756, 
            6097.0
        ], 
        [
            0.16410745010314448, 
            6139.0
        ], 
        [
            0.15935462387675337, 
            6110.0
        ], 
        [
            0.16197516597228187, 
            6240.0
        ], 
        [
            0.161561088435321, 
            6192.0
        ], 
        [
            0.1604317796521828, 
            6213.0
        ], 
        [
            0.15980990168160097, 
            6188.0
        ]
    ], 
    "0.07 - 0.08": [
        [
            0.1589863165049176, 
            5247.0
        ], 
        [
            0.16144729834278349, 
            5273.0
        ], 
        [
            0.15488427720379105, 
            5375.0
        ], 
        [
            0.15618478459808458, 
            5307.0
        ], 
        [
            0.16085352506427225, 
            5357.0
        ], 
        [
            0.1601879914054963, 
            5329.0
        ], 
        [
            0.15843641353175184, 
            5149.0
        ], 
        [
            0.15377267030108402, 
            5315.0
        ], 
        [
            0.16062009970672356, 
            5378.0
        ], 
        [
            0.15927888074099789, 
            5136.0
        ]
    ], 
    "0.08 - 0.09": [
        [
            0.1685361514177966, 
            9858.0
        ], 
        [
            0.16748960330611026, 
            10100.0
        ], 
        [
            0.1689834744589839, 
            9596.0
        ], 
        [
            0.16876165707623733, 
            9884.0
        ], 
        [
            0.17415095810058034, 
            9933.0
        ], 
        [
            0.17027285026832853, 
            9699.0
        ], 
        [
            0.167119587742909, 
            9838.0
        ], 
        [
            0.16851345255174044, 
            9902.0
        ], 
        [
            0.16705334376673303, 
            9840.0
        ], 
        [
            0.1694820261287567, 
            9967.0
        ]
    ], 
    "0.09 - 0.1": [
        [
            0.2572077965231981, 
            6781.0
        ], 
        [
            0.25476765338126656, 
            6672.0
        ], 
        [
            0.25863732493945674, 
            6809.0
        ], 
        [
            0.25449182344757576, 
            6643.0
        ], 
        [
            0.2533267955075695, 
            6535.0
        ], 
        [
            0.2579414857868608, 
            6718.0
        ], 
        [
            0.2570468672866905, 
            6752.0
        ], 
        [
            0.260000210503795, 
            6562.0
        ], 
        [
            0.25635122373874275, 
            6690.0
        ], 
        [
            0.26208601265338516, 
            6623.0
        ]
    ], 
    "0.1 - 0.11": [
        [
            0.34480890585526575, 
            15877.0
        ], 
        [
            0.3411251503636534, 
            16001.0
        ], 
        [
            0.3444634805369951, 
            15884.0
        ], 
        [
            0.3452785445820706, 
            16027.0
        ], 
        [
            0.34248373602611687, 
            16017.0
        ], 
        [
            0.3475793203565402, 
            15974.0
        ], 
        [
            0.3467817232149263, 
            15876.0
        ], 
        [
            0.34479301604928814, 
            16025.0
        ], 
        [
            0.3443881115333721, 
            15938.0
        ], 
        [
            0.34156931961538783, 
            16039.0
        ]
    ], 
    "0.11 - 0.12": [
        [
            0.3878709599939724, 
            10823.0
        ], 
        [
            0.37720185231209596, 
            10843.0
        ], 
        [
            0.3839847646214733, 
            10989.0
        ], 
        [
            0.3807810247272145, 
            10971.0
        ], 
        [
            0.3796680831105458, 
            10854.0
        ], 
        [
            0.38065854254609155, 
            10843.0
        ], 
        [
            0.3790169073689947, 
            10861.0
        ], 
        [
            0.3834508320748805, 
            10730.0
        ], 
        [
            0.3829213420468939, 
            10910.0
        ], 
        [
            0.3860641860812384, 
            10799.0
        ]
    ], 
    "0.12 - 0.13": [
        [
            0.4859330375303149, 
            2614.0
        ], 
        [
            0.4911924584932221, 
            2573.0
        ], 
        [
            0.4802580023363385, 
            2614.0
        ], 
        [
            0.4806918824290725, 
            2571.0
        ], 
        [
            0.4881741618210891, 
            2597.0
        ], 
        [
            0.48757549841444026, 
            2597.0
        ], 
        [
            0.4860407815691401, 
            2627.0
        ], 
        [
            0.47570604956325474, 
            2690.0
        ], 
        [
            0.49234887536878463, 
            2563.0
        ], 
        [
            0.48318014898131234, 
            2642.0
        ]
    ],