{
    "0.03 - 0.04": [
        [
            0.01745126389769192, 
            681.0
        ], 
        [
            0.021988328117119746, 
            703.0
        ], 
        [
            0.026312247172234942, 
            645.0
        ], 
        [
            0.040886540935482926, 
            677.0
        ], 
        [
            0.01994530902540113, 
            702.0
        ], 
        [
            0.02123065867165996, 
            692.0
        ], 
        [
            0.021172638718931297, 
            653.0
        ], 
        [
            0.022541599152596924, 
            721.0
        ], 
        [
            0.020259885076604235, 
            688.0
        ], 
        [
            0.01565119457053243, 
            690.0
        ]
    ], 
    "0.04 - 0.05": [
        [
            0.037616876524383266, 
            31019.0
        ], 
        [
            0.03773449337505206, 
            30940.0
        ], 
        [
            0.03808074544457564, 
            30933.0
        ], 
        [
            0.03797336916650381, 
            30854.0
        ], 
        [
            0.03945127135846571, 
            30948.0
        ], 
        [
            0.03889501244391564, 
            31086.0
        ], 
        [
            0.037450535096858036, 
            30668.0
        ], 
        [
            0.03789604989883881, 
            31082.0
        ], 
        [
            0.039409969563759445, 
            30677.0
        ], 
        [
            0.040068772441938724, 
            30926.0
        ]
    ], 
    "0.05 - 0.06": [
        [
            0.06059457021974936, 
            203645.0
        ], 
        [
            0.06109950779923263, 
            203636.0
        ], 
        [
            0.062265833116785456, 
            203914.0
        ], 
        [
            0.060394299538754845, 
            204244.0
        ], 
        [
            0.06060946786323319, 
            203742.0
        ], 
        [
            0.06058723012203294, 
            204370.0
        ], 
        [
            0.06106512036570539, 
            203755.0
        ], 
        [
            0.06038055248856697, 
            204700.0
        ], 
        [
            0.061417220820637365, 
            205458.0
        ], 
        [
            0.06086579154676417, 
            204127.0
        ]
    ], 
    "0.06 - 0.07": [
        [
            0.1053158839060497, 
            177785.0
        ], 
        [
            0.10420028031213718, 
            177578.0
        ], 
        [
            0.1046837751957569, 
            178268.0
        ], 
        [
            0.10407469321191729, 
            178552.0
        ], 
        [
            0.10354448038397583, 
            178399.0
        ], 
        [
            0.10439368162033079, 
            178127.0
        ], 
        [
            0.104404682073373, 
            178294.0
        ], 
        [
            0.10463180393130124, 
            178222.0
        ], 
        [
            0.10429552055390505, 
            178206.0
        ], 
        [
            0.10494501632196998, 
            177393.0
        ]
    ], 
    "0.07 - 0.08": [
        [
            0.1378355070310328, 
            136105.0
        ], 
        [
            0.13951425480167068, 
            136641.0
        ], 
        [
            0.13940899556442557, 
            135665.0
        ], 
        [
            0.13780924531258998, 
            136426.0
        ], 
        [
            0.13828976025264836, 
            136346.0
        ], 
        [
            0.13821066285960193, 
            136781.0
        ], 
        [
            0.1390266496643348, 
            135929.0
        ], 
        [
            0.13812201858384526, 
            136160.0
        ], 
        [
            0.13858417713654964, 
            136242.0
        ], 
        [
            0.13911978554000687, 
            136386.0
        ]
    ], 
    "0.08 - 0.09": [
        [
            0.16912709769197862, 
            145032.0
        ], 
        [
            0.16893777670757015, 
            145368.0
        ], 
        [
            0.16856601407481583, 
            146130.0
        ], 
        [
            0.16912364808564848, 
            145871.0
        ], 
        [
            0.1691364644176139, 
            146748.0
        ], 
        [
            0.16860423645565978, 
            145435.0
        ], 
        [
            0.16978820044551535, 
            146646.0
        ], 
        [
            0.16980486335490955, 
            145685.0
        ], 
        [
            0.16993176532544166, 
            145486.0
        ], 
        [
            0.16925246678625988, 
            146444.0
        ]
    ], 
    "0.09 - 0.1": [
        [
            0.22194519589389045, 
            103460.0
        ], 
        [
            0.22237044138485274, 
            104053.0
        ], 
        [
            0.22415572653976848, 
            104067.0
        ], 
        [
            0.22366955730906457, 
            104190.0
        ], 
        [
            0.22328068605937587, 
            104392.0
        ], 
        [
            0.2233017336399399, 
            104518.0
        ], 
        [
            0.2230750747918681, 
            104423.0
        ], 
        [
            0.22156490007780794, 
            104443.0
        ], 
        [
            0.2219137364118124, 
            104345.0
        ], 
        [
            0.22395986453683686, 
            103192.0
        ]
    ], 
    "0.1 - 0.11": [
        [
            0.3059782993497504, 
            213022.0
        ], 
        [
            0.30596044361163316, 
            213011.0
        ], 
        [
            0.3058502632914731, 
            212969.0
        ], 
        [
            0.30504339473596304, 
            213811.0
        ], 
        [
            0.3052475102446545, 
            212941.0
        ], 
        [
            0.30464490021241625, 
            212834.0
        ], 
        [
            0.3058814409122483, 
            212878.0
        ], 
        [
            0.3048453098816867, 
            212859.0
        ], 
        [
            0.3053550772689908, 
            212679.0
        ], 
        [
            0.305298976465158, 
            212780.0
        ]
    ], 
    "0.11 - 0.12": [
        [
            0.3550813960137057, 
            99476.0
        ], 
        [
            0.35739546202240347, 
            100597.0
        ], 
        [
            0.35483694520916864, 
            100184.0
        ], 
        [
            0.35751910153710986, 
            100410.0
        ], 
        [
            0.3561224248591124, 
            100190.0
        ], 
        [
            0.3558744002212534, 
            100061.0
        ], 
        [
            0.3553576063076125, 
            100054.0
        ], 
        [
            0.35765098381641747, 
            100340.0
        ], 
        [
            0.35527363234126336, 
            99950.0
        ], 
        [
            0.35762624745644433, 
            99664.0
        ]
    ], 
    "0.12 - 0.13": [
        [
            0.5097249214950046, 
            57825.0
        ], 
        [
            0.5066489153911542, 
            57292.0
        ], 
        [
            0.5079495956957639, 
            57556.0
        ], 
        [
            0.5059111402718707, 
            58224.0
        ], 
        [
            0.5056094509313157, 
            58358.0
        ], 
        [
            0.505831502722422, 
            57637.0
        ], 
        [
            0.5082612693191121, 
            58172.0
        ], 
        [
            0.5087932385922584, 
            57811.0
        ], 
        [
            0.5055189686795616, 
            57943.0
        ], 
        [
            0.5097826461050442, 
            57748.0
        ]
    ],