{
    "0.03 - 0.04": [
        [
            0.04086203345179486, 
            554.0
        ], 
        [
            0.040856711274788245, 
            548.0
        ], 
        [
            0.033155013462750405, 
            569.0
        ], 
        [
            0.04382816928388283, 
            549.0
        ], 
        [
            0.05268536576897166, 
            586.0
        ], 
        [
            0.040908054869742826, 
            550.0
        ], 
        [
            0.0414431674770313, 
            564.0
        ], 
        [
            0.04255236418327544, 
            558.0
        ], 
        [
            0.036875408739799664, 
            578.0
        ], 
        [
            0.05548333283439581, 
            524.0
        ]
    ], 
    "0.04 - 0.05": [
        [
            0.06391327817833921, 
            18314.0
        ], 
        [
            0.06542947679271241, 
            18297.0
        ], 
        [
            0.06278188990068666, 
            18723.0
        ], 
        [
            0.0656573088434479, 
            18537.0
        ], 
        [
            0.06304048736195766, 
            18511.0
        ], 
        [
            0.061875283958548986, 
            18358.0
        ], 
        [
            0.06599868653573228, 
            18434.0
        ], 
        [
            0.06450445992176447, 
            18345.0
        ], 
        [
            0.06322786154715422, 
            18367.0
        ], 
        [
            0.06429278688588463, 
            18333.0
        ]
    ], 
    "0.05 - 0.06": [
        [
            0.08044481951857037, 
            97901.0
        ], 
        [
            0.08033143276058682, 
            97677.0
        ], 
        [
            0.08047834388884385, 
            98187.0
        ], 
        [
            0.08084565674702471, 
            97527.0
        ], 
        [
            0.08067279689460054, 
            97922.0
        ], 
        [
            0.08049301632104175, 
            97821.0
        ], 
        [
            0.07897923390922432, 
            97618.0
        ], 
        [
            0.07889529888142358, 
            97943.0
        ], 
        [
            0.08110709461338564, 
            97990.0
        ], 
        [
            0.08130734333361112, 
            98257.0
        ]
    ], 
    "0.06 - 0.07": [
        [
            0.07175023604014648, 
            74791.0
        ], 
        [
            0.07137363476292796, 
            75190.0
        ], 
        [
            0.07142329905061998, 
            74678.0
        ], 
        [
            0.07030998388983158, 
            74923.0
        ], 
        [
            0.07004161577670857, 
            75087.0
        ], 
        [
            0.07114191231377748, 
            74438.0
        ], 
        [
            0.0708521663160661, 
            74661.0
        ], 
        [
            0.06956847520587608, 
            74872.0
        ], 
        [
            0.07121530956712734, 
            74598.0
        ], 
        [
            0.07144076162646036, 
            74806.0
        ]
    ], 
    "0.07 - 0.08": [
        [
            0.09467053952353423, 
            79723.0
        ], 
        [
            0.09522725281406054, 
            79952.0
        ], 
        [
            0.09516645402981878, 
            79293.0
        ], 
        [
            0.09401876069540228, 
            79385.0
        ], 
        [
            0.09468405328340088, 
            79729.0
        ], 
        [
            0.09380158105850864, 
            80161.0
        ], 
        [
            0.09429027109839423, 
            79873.0
        ], 
        [
            0.0932516108231763, 
            79495.0
        ], 
        [
            0.09545254979620056, 
            79449.0
        ], 
        [
            0.09440557931651823, 
            79659.0
        ]
    ], 
    "0.08 - 0.09": [
        [
            0.11153298827865336, 
            80627.0
        ], 
        [
            0.11073264733424637, 
            80378.0
        ], 
        [
            0.11122357352189363, 
            80514.0
        ], 
        [
            0.11123875458291982, 
            80519.0
        ], 
        [
            0.11062555519745816, 
            80371.0
        ], 
        [
            0.11163314007846718, 
            80958.0
        ], 
        [
            0.11074673489920667, 
            80433.0
        ], 
        [
            0.1109476477801734, 
            81146.0
        ], 
        [
            0.11302151443950098, 
            81002.0
        ], 
        [
            0.11091766748401859, 
            80619.0
        ]
    ], 
    "0.09 - 0.1": [
        [
            0.12165567028956381, 
            48389.0
        ], 
        [
            0.12136870231593877, 
            49069.0
        ], 
        [
            0.12195610672826228, 
            48687.0
        ], 
        [
            0.12096553037760521, 
            48398.0
        ], 
        [
            0.1204155079576035, 
            48529.0
        ], 
        [
            0.12136876195846157, 
            48572.0
        ], 
        [
            0.12054879888195263, 
            49100.0
        ], 
        [
            0.12042660481706079, 
            48559.0
        ], 
        [
            0.11918009027208973, 
            48551.0
        ], 
        [
            0.11849236152574741, 
            48609.0
        ]
    ], 
    "0.1 - 0.11": [
        [
            0.1615174799339519, 
            104929.0
        ], 
        [
            0.15959812005908078, 
            105201.0
        ], 
        [
            0.15939768253320577, 
            104514.0
        ], 
        [
            0.16066616052717306, 
            105856.0
        ], 
        [
            0.15984086150364135, 
            105151.0
        ], 
        [
            0.16056899045011927, 
            105056.0
        ], 
        [
            0.15845692292555652, 
            105169.0
        ], 
        [
            0.15997449082342038, 
            105207.0
        ], 
        [
            0.15844222726935323, 
            104452.0
        ], 
        [
            0.1603181619133157, 
            104797.0
        ]
    ], 
    "0.11 - 0.12": [
        [
            0.15639365458497603, 
            42848.0
        ], 
        [
            0.15656065805016087, 
            42572.0
        ], 
        [
            0.1559107435627517, 
            42513.0
        ], 
        [
            0.15652099987117984, 
            42562.0
        ], 
        [
            0.15668305021799825, 
            42472.0
        ], 
        [
            0.1552111403994589, 
            42315.0
        ], 
        [
            0.15744509238727755, 
            42720.0
        ], 
        [
            0.15648855815989696, 
            42202.0
        ], 
        [
            0.15634326123742273, 
            42644.0
        ], 
        [
            0.15688194688567597, 
            42160.0
        ]
    ], 
    "0.12 - 0.13": [
        [
            0.1767722535538095, 
            23910.0
        ], 
        [
            0.17818165562911661, 
            23723.0
        ], 
        [
            0.1772922155404943, 
            24096.0
        ], 
        [
            0.17420144442525945, 
            23925.0
        ], 
        [
            0.17724446862709956, 
            23929.0
        ], 
        [
            0.17231603354144384, 
            23845.0
        ], 
        [
            0.17745764734008604, 
            23719.0
        ], 
        [
            0.1774587021363264, 
            23875.0
        ], 
        [
            0.1780832919352838, 
            24031.0
        ], 
        [
            0.1749211915545614, 
            23585.0
        ]
    ],