{
    "0.07 - 0.08": [
        [
            0.3879, 
            0.5287249999999982, 
            0.5433416666666666
        ], 
        2
    ], 
    "0.08 - 0.09": [
        [
            -0.1572026281504713, 
            0.09656158327179126, 
            -0.07898699979311304
        ], 
        13189
    ], 
    "0.09 - 0.1": [
        [
            -0.2328861820177807, 
            0.12145196357231738, 
            -0.0732142700665251
        ], 
        465864
    ], 
    "0.1 - 0.11": [
        [
            -0.31601464879657376, 
            0.15987929585125552, 
            -0.06719875457250679
        ], 
        1050332
    ], 
    "0.11 - 0.12": [
        [
            -0.3761364625148262, 
            0.15644450737348142, 
            -0.06657208551312707
        ], 
        425008
    ], 
    "0.12 - 0.13": [
        [
            -0.533830404380717, 
            0.17639508307204785, 
            -0.057356477642214354
        ], 
        238638
    ], 
    "0.13 - 0.14": [
        [
            -0.6719568823743449, 
            0.18176177139344404, 
            -0.04837337388071308
        ], 
        477675
    ], 
    "0.14 - 0.15": [
        [
            -0.9900690703760668, 
            0.1489361127087971, 
            -0.0788304843036215
        ], 
        332115
    ], 
    "0.15 - 0.16": [
        [
            -1.1993519047467667, 
            0.1488724370305655, 
            -0.09198902917738846
        ], 
        352788
    ], 
    "0.16 - 0.17": [
        [
            -1.2957694881426718, 
            0.09471677932403967, 
            -0.0993539508147792
        ], 
        72497
    ]
}