{
    "0.07 - 0.08": [
        [
            0.47649999999999987, 
            0.5587666666666661, 
            0.4715194444444443
        ], 
        3
    ], 
    "0.08 - 0.09": [
        [
            -0.14831760710675587, 
            0.07499988160800375, 
            -0.082221934356379
        ], 
        35685
    ], 
    "0.09 - 0.1": [
        [
            -0.2255591742545181, 
            0.07719461926498218, 
            -0.0617333759707283
        ], 
        985968
    ], 
    "0.1 - 0.11": [
        [
            -0.3054097830757158, 
            0.09492635843689826, 
            -0.052819385845105316
        ], 
        2129779
    ], 
    "0.11 - 0.12": [
        [
            -0.35627532044417426, 
            0.098115411055119, 
            -0.054859078672355975
        ], 
        1000926
    ], 
    "0.12 - 0.13": [
        [
            -0.5074012150584635, 
            0.10283682495219028, 
            -0.06039271897359184
        ], 
        578566
    ], 
    "0.13 - 0.14": [
        [
            -0.6124543031705562, 
            0.0977021255895355, 
            -0.05483526813151069
        ], 
        1050885
    ], 
    "0.14 - 0.15": [
        [
            -0.8184144039871286, 
            0.07108300950751407, 
            -0.05664501787737652
        ], 
        762475
    ], 
    "0.15 - 0.16": [
        [
            -0.9598471571504124, 
            0.06315021234802232, 
            -0.060028928663422444
        ], 
        815094
    ], 
    "0.16 - 0.17": [
        [
            -1.0276651698726122, 
            0.04209288263302338, 
            -0.057337883305057125
        ], 
        228432
    ], 
    "0.17 - 0.18": [
        [
            -0.7712578947368443, 
            0.005342105263151303, 
            0.03866566416040081
        ], 
        19
    ]
}