{
    "0.03 - 0.04": [
        [
            -0.022694580708632908, 
            0.02303942011967917, 
            -0.16752203169657376
        ], 
        6852
    ], 
    "0.04 - 0.05": [
        [
            -0.03845761525951892, 
            0.04600758531965234, 
            -0.12992263375674828
        ], 
        309133
    ], 
    "0.05 - 0.06": [
        [
            -0.06092798652333384, 
            0.05348500113635895, 
            -0.12600545950771327
        ], 
        2041591
    ], 
    "0.06 - 0.07": [
        [
            -0.10444847739055553, 
            0.04807284046138126, 
            -0.11400334426530426
        ], 
        1780824
    ], 
    "0.07 - 0.08": [
        [
            -0.1385918104323578, 
            0.07057193381206225, 
            -0.10166230878377198
        ], 
        1362681
    ], 
    "0.08 - 0.09": [
        [
            -0.16922747330210614, 
            0.07713116815530204, 
            -0.09532313838968731
        ], 
        1458845
    ], 
    "0.09 - 0.1": [
        [
            -0.2229230534079766, 
            0.07752568537365048, 
            -0.0628883049731111
        ], 
        1041083
    ], 
    "0.1 - 0.11": [
        [
            -0.305410518620299, 
            0.09492659069904683, 
            -0.05282047545234754
        ], 
        2129784
    ], 
    "0.11 - 0.12": [
        [
            -0.35627532044417426, 
            0.098115411055119, 
            -0.054859078672355975
        ], 
        1000926
    ], 
    "0.12 - 0.13": [
        [
            -0.5074012150584635, 
            0.10283682495219028, 
            -0.06039271897359184
        ], 
        578566
    ], 
    "0.13 - 0.14": [
        [
            -0.6124543031705562, 
            0.0977021255895355, 
            -0.05483526813151069
        ], 
        1050885
    ], 
    "0.14 - 0.15": [
        [
            -0.8184144039871286, 
            0.07108300950751407, 
            -0.05664501787737652
        ], 
        762475
    ], 
    "0.15 - 0.16": [
        [
            -0.9598471571504124, 
            0.06315021234802232, 
            -0.060028928663422444
        ], 
        815094
    ], 
    "0.16 - 0.17": [
        [
            -1.0276651698726122, 
            0.04209288263302338, 
            -0.057337883305057125
        ], 
        228432
    ], 
    "0.17 - 0.18": [
        [
            -0.7712578947368443, 
            0.005342105263151303, 
            0.03866566416040081
        ], 
        19
    ]
}