{
    "0.03 - 0.04": [
        [
            -0.039681241855462894, 
            0.042801502644292444, 
            -0.16102504280781452
        ], 
        5580
    ], 
    "0.04 - 0.05": [
        [
            -0.03731480235154562, 
            0.06407056056337429, 
            -0.13133189905495657
        ], 
        184219
    ], 
    "0.05 - 0.06": [
        [
            -0.055164627553092344, 
            0.080356103140822, 
            -0.14068135694655334
        ], 
        978843
    ], 
    "0.06 - 0.07": [
        [
            -0.11204134429288999, 
            0.0709111466249, 
            -0.13013342300085784
        ], 
        748044
    ], 
    "0.07 - 0.08": [
        [
            -0.15934871014973015, 
            0.094496531923355, 
            -0.130909926949459
        ], 
        796719
    ], 
    "0.08 - 0.09": [
        [
            -0.1899381929193254, 
            0.11126329171149636, 
            -0.11920516789573804
        ], 
        806567
    ], 
    "0.09 - 0.1": [
        [
            -0.2309720901231876, 
            0.1206382001821712, 
            -0.07381680986556559
        ], 
        486463
    ], 
    "0.1 - 0.11": [
        [
            -0.31601464879657376, 
            0.15987929585125552, 
            -0.06719875457250679
        ], 
        1050332
    ], 
    "0.11 - 0.12": [
        [
            -0.3761364625148262, 
            0.15644450737348142, 
            -0.06657208551312707
        ], 
        425008
    ], 
    "0.12 - 0.13": [
        [
            -0.533830404380717, 
            0.17639508307204785, 
            -0.057356477642214354
        ], 
        238638
    ], 
    "0.13 - 0.14": [
        [
            -0.6719568823743449, 
            0.18176177139344404, 
            -0.04837337388071308
        ], 
        477675
    ], 
    "0.14 - 0.15": [
        [
            -0.9900690703760668, 
            0.1489361127087971, 
            -0.0788304843036215
        ], 
        332115
    ], 
    "0.15 - 0.16": [
        [
            -1.1993519047467667, 
            0.1488724370305655, 
            -0.09198902917738846
        ], 
        352788
    ], 
    "0.16 - 0.17": [
        [
            -1.2957694881426718, 
            0.09471677932403967, 
            -0.0993539508147792
        ], 
        72497
    ]
}