{
    "0.03 - 0.04": [
        [
            -0.039681241855462894, 
            0.042801502644292444, 
            -0.16102504280781452
        ], 
        5580
    ], 
    "0.04 - 0.05": [
        [
            -0.03731480235154562, 
            0.06407056056337429, 
            -0.13133189905495657
        ], 
        184219
    ], 
    "0.05 - 0.06": [
        [
            -0.055164627553092344, 
            0.080356103140822, 
            -0.14068135694655334
        ], 
        978843
    ], 
    "0.06 - 0.07": [
        [
            -0.11204134429288999, 
            0.0709111466249, 
            -0.13013342300085784
        ], 
        748044
    ], 
    "0.07 - 0.08": [
        [
            -0.15935008390907043, 
            0.09449544187891495, 
            -0.1309116195243472
        ], 
        796717
    ], 
    "0.08 - 0.09": [
        [
            -0.19048238416704893, 
            0.1115076907654294, 
            -0.11987374884845607
        ], 
        793378
    ], 
    "0.09 - 0.1": [
        [
            -0.18768326511310368, 
            0.10223424523353002, 
            -0.08744376267590566
        ], 
        20599
    ]
}