{
 "0.04 - 0.05": [
  [
   -0.12279406537949855, 
   0.009447453732583624, 
   0.1706040399715029
  ], 
  237
 ], 
 "0.05 - 0.06": [
  [
   -0.1256314463785482, 
   0.06435128979827524, 
   0.08769431638552616
  ], 
  8036
 ], 
 "0.06 - 0.07": [
  [
   -0.17743271400702643, 
   0.08216251903741642, 
   0.08787834403841262
  ], 
  39053
 ], 
 "0.09 - 0.1": [
  [
   -0.15381738989104238, 
   0.11798113337541967, 
   0.16383930597198845
  ], 
  1919
 ], 
 "0.07 - 0.08": [
  [
   -0.18657840519243674, 
   0.10803759727952839, 
   0.06609681939079248
  ], 
  36457
 ], 
 "0.08 - 0.09": [
  [
   -0.20729954559702232, 
   0.13259413066028125, 
   0.08073244603527165
  ], 
  63134
 ]
}